id,itemId,itemName,itemNameZh,itemClass,slot,tier,cost,activation,source,property,label,labelZh,target,mode,value,scaleWithSpirit,perUnit,unitLabel,conditional,intrinsic,application,includeInBuild,usageFlags,tooltipSection,providedPropertyType
3776945997:BonusAbilityCharges,3776945997,Extra Charge,额外充能,upgrade_extra_charge,spirit,1,800,passive,Item,BonusAbilityCharges,Bonus Ability Charges,额外 技能 充能次数,ability_charges_add,flat,1.0,0.0,False,,False,False,passive_unconditional,True,,innate,MODIFIER_VALUE_BONUS_ABILITY_CHARGES
968099481:TechPower,968099481,Extra Spirit,额外元灵,upgrade_improved_spirit,spirit,1,800,passive,Item,TechPower,Spirit Power,元灵力量,spirit_power_add,flat,10.0,0.0,False,,False,False,passive_unconditional,True,,innate,MODIFIER_VALUE_TECH_POWER
2462046703:BonusSprintSpeed,2462046703,Golden Goose Egg,金鹅蛋,upgrade_goose_egg,spirit,1,800,instant_cast,Item,BonusSprintSpeed,Sprint Speed,冲刺速度,sprint_speed_add,flat,1.0,0.0,False,,False,False,passive_unconditional,True,,innate,MODIFIER_VALUE_SPRINT_SPEED_BONUS
754480263:TechRadiusMultiplier,754480263,Mystic Expansion,秘术扩展,upgrade_magic_reach,spirit,1,800,passive,Item,TechRadiusMultiplier,Radius,半径,tech_radius_pct,percent,20.0,0.0,False,,False,False,passive_unconditional,True,,,MODIFIER_VALUE_TECH_RADIUS_PERCENT
754480263:TechRangeMultiplier,754480263,Mystic Expansion,秘术扩展,upgrade_magic_reach,spirit,1,800,passive,Item,TechRangeMultiplier,Ability Range,技能 范围,tech_range_pct,percent,20.0,0.0,False,,False,False,active_or_contextual,False,,passive,MODIFIER_VALUE_TECH_RANGE_PERCENT
1439347412:BonusHealth,1439347412,Mystic Regeneration,秘术再生,upgrade_mystic_regeneration,spirit,1,800,passive,Item,BonusHealth,Bonus Health,额外 生命,max_health_add,flat,50.0,0.0,False,,False,False,passive_unconditional,True,,innate,MODIFIER_VALUE_HEALTH_MAX
2922054143:BonusHealth,2922054143,Rusted Barrel,锈蚀枪管,upgrade_withering_whip,spirit,1,800,press,Item,BonusHealth,Bonus Health,额外 生命,max_health_add,flat,60.0,0.0,False,,False,False,passive_unconditional,True,,innate,MODIFIER_VALUE_HEALTH_MAX
2922054143:BonusSprintSpeed,2922054143,Rusted Barrel,锈蚀枪管,upgrade_withering_whip,spirit,1,800,press,Item,BonusSprintSpeed,Sprint Speed,冲刺速度,sprint_speed_add,flat,0.5,0.0,False,,False,False,passive_unconditional,True,,innate,MODIFIER_VALUE_SPRINT_SPEED_BONUS
1150006784:BonusAbilityDurationPercent,1150006784,Arcane Surge,奥术涌动,upgrade_arcane_surge,spirit,2,1600,passive,Item,BonusAbilityDurationPercent,Ability Duration,技能 持续时间,tech_duration_pct,percent,15.0,0.0,False,,True,False,conditional_active,False,ConditionallyApplied,passive,MODIFIER_VALUE_BONUS_ABILITY_DURATION_PERCENTAGE
1150006784:SpiritPower,1150006784,Arcane Surge,奥术涌动,upgrade_arcane_surge,spirit,2,1600,passive,Item,SpiritPower,Spirit Power,元灵力量,spirit_power_add,flat,20.0,0.0,False,,True,False,conditional_active,False,ConditionallyApplied,passive,MODIFIER_VALUE_TECH_POWER
1150006784:Stamina,1150006784,Arcane Surge,奥术涌动,upgrade_arcane_surge,spirit,2,1600,passive,Item,Stamina,Stamina,耐力,stamina_add,flat,1.0,0.0,False,,False,False,passive_unconditional,True,,innate,MODIFIER_VALUE_STAMINA
1150006784:TechRadiusMultiplierBuff,1150006784,Arcane Surge,奥术涌动,upgrade_arcane_surge,spirit,2,1600,passive,Item,TechRadiusMultiplierBuff,Radius,半径,tech_radius_pct,percent,12.0,0.0,False,,True,False,conditional_active,False,ConditionallyApplied,,MODIFIER_VALUE_TECH_RADIUS_PERCENT
1150006784:TechRangeMultiplierBuff,1150006784,Arcane Surge,奥术涌动,upgrade_arcane_surge,spirit,2,1600,passive,Item,TechRangeMultiplierBuff,Ability Range,技能 范围,tech_range_pct,percent,12.0,0.0,False,,True,False,conditional_active,False,ConditionallyApplied,passive,MODIFIER_VALUE_TECH_RANGE_PERCENT
2971868509:BaseAttackDamagePercent,2971868509,Bullet Resist Shredder,子弹抗性撕裂者,upgrade_bullet_resist_shredder,spirit,2,1600,passive,Item,BaseAttackDamagePercent,Weapon Damage,武器伤害,weapon_damage_pct,percent,9.0,0.0,False,,False,False,passive_unconditional,True,,innate,MODIFIER_VALUE_WEAPON_DAMAGE_INCREASE
2971868509:BulletResist,2971868509,Bullet Resist Shredder,子弹抗性撕裂者,upgrade_bullet_resist_shredder,spirit,2,1600,passive,Item,BulletResist,Bullet Resist,子弹抗性,bullet_armor_add,flat,9.0,0.0,False,,False,True,passive_unconditional,True,IntrinsicallyProvidedInAbility,innate,MODIFIER_VALUE_BULLET_ARMOR_DAMAGE_RESIST
1976391348:TechResist,1976391348,Cold Front,寒潮,upgrade_cold_front,spirit,2,1600,instant_cast,Item,TechResist,Spirit Resist,元灵抗性,spirit_armor_add,flat,6.0,0.0,False,,False,False,passive_unconditional,True,,innate,MODIFIER_VALUE_TECH_RESIST
380806748:CooldownReduction,380806748,Compress Cooldown,压缩冷却,upgrade_magic_tempo,spirit,2,1600,passive,Item,CooldownReduction,Ability Cooldown Reduction,技能 冷却 降低,tech_cooldown_pct,percent,18.0,0.0,False,,False,False,active_or_contextual,False,,passive,MODIFIER_VALUE_COOLDOWN_REDUCTION_PERCENTAGE
2951612397:BonusAbilityDurationPercent,2951612397,Duration Extender,持续延长器,upgrade_arcane_extension,spirit,2,1600,passive,Item,BonusAbilityDurationPercent,Ability Duration,技能 持续时间,tech_duration_pct,percent,22.0,0.0,False,,False,False,active_or_contextual,False,,passive,MODIFIER_VALUE_BONUS_ABILITY_DURATION_PERCENTAGE
7409189:BonusHealth,7409189,Improved Spirit,强化元灵,upgrade_soaring_spirit,spirit,2,1600,passive,Item,BonusHealth,Bonus Health,额外 生命,max_health_add,flat,75.0,0.0,False,,False,False,passive_unconditional,True,,,MODIFIER_VALUE_HEALTH_MAX
7409189:BonusSprintSpeed,7409189,Improved Spirit,强化元灵,upgrade_soaring_spirit,spirit,2,1600,passive,Item,BonusSprintSpeed,Sprint Speed,冲刺速度,sprint_speed_add,flat,1.0,0.0,False,,False,False,passive_unconditional,True,,,MODIFIER_VALUE_SPRINT_SPEED_BONUS
7409189:TechPower,7409189,Improved Spirit,强化元灵,upgrade_soaring_spirit,spirit,2,1600,passive,Item,TechPower,Spirit Power,元灵力量,spirit_power_add,flat,18.0,0.0,False,,False,False,passive_unconditional,True,,innate,MODIFIER_VALUE_TECH_POWER
1102081447:BonusHealth,1102081447,Mystic Slow,秘术减速,upgrade_magic_slow,spirit,2,1600,passive,Item,BonusHealth,Bonus Health,额外 生命,max_health_add,flat,50.0,0.0,False,,False,False,passive_unconditional,True,,innate,MODIFIER_VALUE_HEALTH_MAX
1102081447:BonusSprintSpeed,1102081447,Mystic Slow,秘术减速,upgrade_magic_slow,spirit,2,1600,passive,Item,BonusSprintSpeed,Sprint Speed,冲刺速度,sprint_speed_add,flat,0.75,0.0,False,,False,False,passive_unconditional,True,,innate,MODIFIER_VALUE_SPRINT_SPEED_BONUS
2081037738:TechResist,2081037738,Mystic Vulnerability,秘术易伤,upgrade_magic_vulnerability,spirit,2,1600,passive,Item,TechResist,Spirit Resist,元灵抗性,spirit_armor_add,flat,8.0,0.0,False,,False,True,passive_unconditional,True,IntrinsicallyProvidedInAbility,innate,MODIFIER_VALUE_TECH_RESIST
84321454:BonusFireRate,84321454,Quicksilver Reload,水银换弹,upgrade_quick_silver,spirit,2,1600,passive,Item,BonusFireRate,Fire Rate,射速,fire_rate_pct,percent,10.0,0.0,False,,False,False,active_or_contextual,False,,passive,MODIFIER_VALUE_FIRE_RATE
1813726886:BonusSprintSpeed,1813726886,Slowing Hex,减速咒,upgrade_containment,spirit,2,1600,press,Item,BonusSprintSpeed,Sprint Speed,冲刺速度,sprint_speed_add,flat,0.5,0.0,False,,False,False,passive_unconditional,True,,innate,MODIFIER_VALUE_SPRINT_SPEED_BONUS
1219329868:BonusHealth,1219329868,Spirit Sap,元灵汲取,upgrade_spirit_sap,spirit,2,1600,press,Item,BonusHealth,Bonus Health,额外 生命,max_health_add,flat,50.0,0.0,False,,False,False,passive_unconditional,True,,innate,MODIFIER_VALUE_HEALTH_MAX
1925087134:BulletResist,1925087134,Suppressor,抑制器,upgrade_suppressor,spirit,2,1600,passive,Item,BulletResist,Bullet Resist,子弹抗性,bullet_armor_add,flat,8.0,0.0,False,,False,False,passive_unconditional,True,,innate,MODIFIER_VALUE_BULLET_ARMOR_DAMAGE_RESIST
1925087134:TechPower,1925087134,Suppressor,抑制器,upgrade_suppressor,spirit,2,1600,passive,Item,TechPower,Spirit Power,元灵力量,spirit_power_add,flat,6.0,0.0,False,,False,False,passive_unconditional,True,,innate,MODIFIER_VALUE_TECH_POWER
3144988365:BonusHealth,3144988365,Decay,腐朽,upgrade_rupture,spirit,3,3200,press,Item,BonusHealth,Bonus Health,额外 生命,max_health_add,flat,65.0,0.0,False,,False,False,passive_unconditional,True,,innate,MODIFIER_VALUE_HEALTH_MAX
3144988365:TechPower,3144988365,Decay,腐朽,upgrade_rupture,spirit,3,3200,press,Item,TechPower,Spirit Power,元灵力量,spirit_power_add,flat,8.0,0.0,False,,False,False,passive_unconditional,True,,innate,MODIFIER_VALUE_TECH_POWER
2061878743:BonusHealth,2061878743,Disarming Hex,缴械咒,upgrade_greater_withering_whip,spirit,3,3200,press,Item,BonusHealth,Bonus Health,额外 生命,max_health_add,flat,75.0,0.0,False,,False,False,passive_unconditional,True,,innate,MODIFIER_VALUE_HEALTH_MAX
2061878743:BonusSprintSpeed,2061878743,Disarming Hex,缴械咒,upgrade_greater_withering_whip,spirit,3,3200,press,Item,BonusSprintSpeed,Sprint Speed,冲刺速度,sprint_speed_add,flat,0.75,0.0,False,,False,False,passive_unconditional,True,,innate,MODIFIER_VALUE_SPRINT_SPEED_BONUS
1193964439:TechRadiusMultiplier,1193964439,Greater Expansion,高级扩展,upgrade_tech_range,spirit,3,3200,passive,Item,TechRadiusMultiplier,Radius,半径,tech_radius_pct,percent,30.0,0.0,False,,False,False,passive_unconditional,True,,,MODIFIER_VALUE_TECH_RADIUS_PERCENT
1193964439:TechRangeMultiplier,1193964439,Greater Expansion,高级扩展,upgrade_tech_range,spirit,3,3200,passive,Item,TechRangeMultiplier,Ability Range,技能 范围,tech_range_pct,percent,30.0,0.0,False,,False,False,active_or_contextual,False,,passive,MODIFIER_VALUE_TECH_RANGE_PERCENT
1193964439:TechResist,1193964439,Greater Expansion,高级扩展,upgrade_tech_range,spirit,3,3200,passive,Item,TechResist,Spirit Resist,元灵抗性,spirit_armor_add,flat,10.0,0.0,False,,False,True,passive_unconditional,True,IntrinsicallyProvidedInAbility,innate,MODIFIER_VALUE_TECH_RESIST
1254091416:BonusHealth,1254091416,Knockdown,击倒,upgrade_target_stun,spirit,3,3200,press,Item,BonusHealth,Bonus Health,额外 生命,max_health_add,flat,75.0,0.0,False,,False,False,passive_unconditional,True,,innate,MODIFIER_VALUE_HEALTH_MAX
1254091416:TechRadiusMultiplier,1254091416,Knockdown,击倒,upgrade_target_stun,spirit,3,3200,press,Item,TechRadiusMultiplier,Radius,半径,tech_radius_pct,percent,5.0,0.0,False,,False,False,passive_unconditional,True,,,MODIFIER_VALUE_TECH_RADIUS_PERCENT
1254091416:TechRangeMultiplier,1254091416,Knockdown,击倒,upgrade_target_stun,spirit,3,3200,press,Item,TechRangeMultiplier,Ability Range,技能 范围,tech_range_pct,percent,5.0,0.0,False,,False,False,passive_unconditional,True,,innate,MODIFIER_VALUE_TECH_RANGE_PERCENT
2947183272:BonusHealth,2947183272,Radiant Regeneration,辉光再生,upgrade_resonant_healing,spirit,3,3200,passive,Item,BonusHealth,Bonus Health,额外 生命,max_health_add,flat,90.0,0.0,False,,False,False,passive_unconditional,True,,innate,MODIFIER_VALUE_HEALTH_MAX
2947183272:BonusMoveSpeed,2947183272,Radiant Regeneration,辉光再生,upgrade_resonant_healing,spirit,3,3200,passive,Item,BonusMoveSpeed,Move Speed,移动速度,move_speed_add,flat,1.75,0.0,False,,False,True,passive_unconditional,True,IntrinsicallyProvidedInAbility,,MODIFIER_VALUE_MOVEMENT_SPEED_MAX
787198704:BonusAbilityCharges,787198704,Rapid Recharge,快速充能,upgrade_rapid_recharge,spirit,3,3200,passive,Item,BonusAbilityCharges,Bonus Ability Charges,额外 技能 充能次数,ability_charges_add,flat,2.0,0.0,False,,False,False,passive_unconditional,True,,innate,MODIFIER_VALUE_BONUS_ABILITY_CHARGES
787198704:CooldownBetweenChargeReduction,787198704,Rapid Recharge,快速充能,upgrade_rapid_recharge,spirit,3,3200,passive,Item,CooldownBetweenChargeReduction,Faster Time Between Charges,更快 时间 间隔 充能次数,charge_cooldown_pct,percent,30.0,0.0,False,,False,False,passive_unconditional,True,,innate,MODIFIER_VALUE_COOLDOWN_BETWEEN_CHARGE_REDUCTION_PERCENTAGE
787198704:CooldownReductionOnChargedAbilities,787198704,Rapid Recharge,快速充能,upgrade_rapid_recharge,spirit,3,3200,passive,Item,CooldownReductionOnChargedAbilities,Cooldown Reduction For Charged Abilities,冷却 降低 用于 已充能 技能,tech_cooldown_pct,percent,14.0,0.0,False,,False,False,passive_unconditional,True,,innate,MODIFIER_VALUE_COOLDOWN_REDUCTION_PERCENTAGE
619484391:BonusHealth,619484391,Silence Wave,沉默波,upgrade_targeted_silence,spirit,3,3200,instant_cast,Item,BonusHealth,Bonus Health,额外 生命,max_health_add,flat,50.0,0.0,False,,False,False,passive_unconditional,True,,innate,MODIFIER_VALUE_HEALTH_MAX
3190916303:BonusHealth,3190916303,Spirit Snatch,元灵夺取,upgrade_spirit_snatch,spirit,3,3200,passive,Item,BonusHealth,Bonus Health,额外 生命,max_health_add,flat,75.0,0.0,False,,False,False,passive_unconditional,True,,innate,MODIFIER_VALUE_HEALTH_MAX
3190916303:BonusMeleeDamagePercent,3190916303,Spirit Snatch,元灵夺取,upgrade_spirit_snatch,spirit,3,3200,passive,Item,BonusMeleeDamagePercent,Melee Damage,近战 伤害,melee_damage_pct,percent,7.0,0.0,False,,False,False,passive_unconditional,True,,innate,MODIFIER_VALUE_MELEE_DAMAGE_INCREASE
3190916303:TechArmorGain,3190916303,Spirit Snatch,元灵夺取,upgrade_spirit_snatch,spirit,3,3200,passive,Item,TechArmorGain,Spirit Resist Steal,元灵 抗性 窃取,spirit_armor_add,flat,12.0,0.0,False,,True,False,conditional_active,False,ConditionallyApplied,passive,MODIFIER_VALUE_TECH_RESIST
3190916303:TechPowerGain,3190916303,Spirit Snatch,元灵夺取,upgrade_spirit_snatch,spirit,3,3200,passive,Item,TechPowerGain,Spirit Power Steal,元灵 力量 窃取,spirit_power_add,flat,25.0,0.0,False,,True,False,conditional_active,False,ConditionallyApplied,passive,MODIFIER_VALUE_TECH_POWER
3261353684:CooldownReduction,3261353684,Superior Cooldown,高级冷却,upgrade_cooldown_reduction,spirit,3,3200,passive,Item,CooldownReduction,Ability Cooldown Reduction,技能 冷却 降低,tech_cooldown_pct,percent,20.0,0.0,False,,False,False,active_or_contextual,False,,passive,MODIFIER_VALUE_COOLDOWN_REDUCTION_PERCENTAGE
2717651715:BonusAbilityDurationPercent,2717651715,Superior Duration,高级持续,upgrade_imbued_duration_extender,spirit,3,3200,passive,Item,BonusAbilityDurationPercent,Ability Duration,技能 持续时间,tech_duration_pct,percent,28.0,0.0,False,,False,False,active_or_contextual,False,,passive,MODIFIER_VALUE_BONUS_ABILITY_DURATION_PERCENTAGE
2717651715:BulletResist,2717651715,Superior Duration,高级持续,upgrade_imbued_duration_extender,spirit,3,3200,passive,Item,BulletResist,Bullet Resist,子弹抗性,bullet_armor_add,flat,8.0,0.0,False,,False,True,passive_unconditional,True,IntrinsicallyProvidedInAbility,innate,MODIFIER_VALUE_BULLET_ARMOR_DAMAGE_RESIST
1292979587:BonusMoveSpeed,1292979587,Surge of Power,力量涌动,upgrade_magic_storm,spirit,3,3200,passive,Item,BonusMoveSpeed,Move Speed,移动速度,move_speed_add,flat,1.75,0.0,False,,True,False,conditional_active,False,ConditionallyApplied,passive,MODIFIER_VALUE_MOVEMENT_SPEED_MAX
1292979587:FireRateBonus,1292979587,Surge of Power,力量涌动,upgrade_magic_storm,spirit,3,3200,passive,Item,FireRateBonus,Fire Rate Bonus,射速 额外,fire_rate_pct,percent,20.0,0.0,False,,True,False,conditional_active,False,ConditionallyApplied,passive,MODIFIER_VALUE_FIRE_RATE
1292979587:ImbuedTechPower,1292979587,Surge of Power,力量涌动,upgrade_magic_storm,spirit,3,3200,passive,Item,ImbuedTechPower,Imbued Ability Spirit Power,灌注 技能 元灵 力量,spirit_power_add,flat,28.0,0.0,False,,False,False,active_or_contextual,False,,passive,MODIFIER_VALUE_TECH_POWER
2121044373:BonusHealth,2121044373,Tankbuster,坦克克星,upgrade_magic_shock,spirit,3,3200,passive,Item,BonusHealth,Bonus Health,额外 生命,max_health_add,flat,50.0,0.0,False,,False,False,passive_unconditional,True,,innate,MODIFIER_VALUE_HEALTH_MAX
395944548:BonusHealth,395944548,Torment Pulse,苦痛脉冲,upgrade_tech_damage_pulse,spirit,3,3200,passive,Item,BonusHealth,Bonus Health,额外 生命,max_health_add,flat,100.0,0.0,False,,False,False,passive_unconditional,True,,innate,MODIFIER_VALUE_HEALTH_MAX
3812615317:TechResist,3812615317,Arctic Blast,极寒爆裂,upgrade_arctic_blast,spirit,4,6400,instant_cast,Item,TechResist,Spirit Resist,元灵抗性,spirit_armor_add,flat,10.0,0.0,False,,False,False,passive_unconditional,True,,innate,MODIFIER_VALUE_TECH_RESIST
2519598785:BonusHealth,2519598785,Boundless Spirit,无界元灵,upgrade_boundless_spirit,spirit,4,6400,passive,Item,BonusHealth,Bonus Health,额外 生命,max_health_add,flat,75.0,0.0,False,,False,False,passive_unconditional,True,,innate,MODIFIER_VALUE_HEALTH_MAX
2519598785:TechPower,2519598785,Boundless Spirit,无界元灵,upgrade_boundless_spirit,spirit,4,6400,passive,Item,TechPower,Spirit Power,元灵力量,spirit_power_add,flat,30.0,0.0,False,,False,False,passive_unconditional,True,,innate,MODIFIER_VALUE_TECH_POWER
2519598785:TechPowerPercent,2519598785,Boundless Spirit,无界元灵,upgrade_boundless_spirit,spirit,4,6400,passive,Item,TechPowerPercent,Spirit Power,元灵力量,spirit_power_pct,percent,15.0,0.0,False,,False,False,passive_unconditional,True,,innate,MODIFIER_VALUE_TECH_POWER_PERCENT
630839635:BonusFireRate,630839635,Echo Shard,回响碎片,upgrade_ability_power_shard,spirit,4,6400,instant_cast,Item,BonusFireRate,Fire Rate,射速,fire_rate_pct,percent,5.0,0.0,False,,True,False,conditional_active,False,ConditionallyApplied,innate,MODIFIER_VALUE_FIRE_RATE
630839635:BulletResist,630839635,Echo Shard,回响碎片,upgrade_ability_power_shard,spirit,4,6400,instant_cast,Item,BulletResist,Bullet Resist,子弹抗性,bullet_armor_add,flat,5.0,0.0,False,,False,True,passive_unconditional,True,IntrinsicallyProvidedInAbility,innate,MODIFIER_VALUE_BULLET_ARMOR_DAMAGE_RESIST
630839635:TechResist,630839635,Echo Shard,回响碎片,upgrade_ability_power_shard,spirit,4,6400,instant_cast,Item,TechResist,Spirit Resist,元灵抗性,spirit_armor_add,flat,5.0,0.0,False,,False,True,passive_unconditional,True,IntrinsicallyProvidedInAbility,innate,MODIFIER_VALUE_TECH_RESIST
3005970438:TechResist,3005970438,Escalating Exposure,递增暴露,upgrade_escalating_exposure,spirit,4,6400,passive,Item,TechResist,Spirit Resist,元灵抗性,spirit_armor_add,flat,17.0,0.0,False,,False,False,passive_unconditional,True,,innate,MODIFIER_VALUE_TECH_RESIST
2533252781:BonusMoveSpeed,2533252781,Ethereal Shift,虚灵转移,upgrade_self_bubble,spirit,4,6400,instant_cast,Item,BonusMoveSpeed,Move Speed,移动速度,move_speed_add,flat,3.0,0.0,False,,True,False,conditional_active,False,ConditionallyApplied,active,MODIFIER_VALUE_MOVEMENT_SPEED_MAX
2533252781:BonusSpirit,2533252781,Ethereal Shift,虚灵转移,upgrade_self_bubble,spirit,4,6400,instant_cast,Item,BonusSpirit,Spirit Power,元灵力量,spirit_power_add,flat,20.0,0.0,False,,True,False,conditional_active,False,ConditionallyApplied,active,MODIFIER_VALUE_TECH_POWER
2533252781:TechResist,2533252781,Ethereal Shift,虚灵转移,upgrade_self_bubble,spirit,4,6400,instant_cast,Item,TechResist,Spirit Resist,元灵抗性,spirit_armor_add,flat,30.0,0.0,False,,True,False,conditional_active,False,ConditionallyApplied,active,MODIFIER_VALUE_TECH_RESIST
2142980412:BonusFireRate,2142980412,Focus Lens,聚焦透镜,upgrade_focus_lens,spirit,4,6400,press,Item,BonusFireRate,Fire Rate,射速,fire_rate_pct,percent,10.0,0.0,False,,False,False,passive_unconditional,True,,innate,MODIFIER_VALUE_FIRE_RATE
493591231:BonusHealth,493591231,Lightning Scroll,闪电卷轴,upgrade_ultimate_burst,spirit,4,6400,passive,Item,BonusHealth,Bonus Health,额外 生命,max_health_add,flat,50.0,0.0,False,,False,False,passive_unconditional,True,,innate,MODIFIER_VALUE_HEALTH_MAX
493591231:BonusSprintSpeed,493591231,Lightning Scroll,闪电卷轴,upgrade_ultimate_burst,spirit,4,6400,passive,Item,BonusSprintSpeed,Sprint Speed,冲刺速度,sprint_speed_add,flat,0.75,0.0,False,,False,False,passive_unconditional,True,,innate,MODIFIER_VALUE_SPRINT_SPEED_BONUS
2800629741:BonusAbilityDurationPercent,2800629741,Magic Carpet,魔毯,upgrade_magic_carpet,spirit,4,6400,instant_cast,Item,BonusAbilityDurationPercent,Ability Duration,技能 持续时间,tech_duration_pct,percent,15.0,0.0,False,,False,False,passive_unconditional,True,,innate,MODIFIER_VALUE_BONUS_ABILITY_DURATION_PERCENTAGE
2800629741:BonusHealth,2800629741,Magic Carpet,魔毯,upgrade_magic_carpet,spirit,4,6400,instant_cast,Item,BonusHealth,Bonus Health,额外 生命,max_health_add,flat,125.0,0.0,False,,False,False,passive_unconditional,True,,innate,MODIFIER_VALUE_HEALTH_MAX
2800629741:FlyMoveSpeed,2800629741,Magic Carpet,魔毯,upgrade_magic_carpet,spirit,4,6400,instant_cast,Item,FlyMoveSpeed,Bonus Fly Speed,额外 飞行 速度,move_speed_add,flat,7.0,0.0,False,,True,False,conditional_active,False,ConditionallyApplied,active,MODIFIER_VALUE_MOVEMENT_SPEED_MAX
2800629741:TechPower,2800629741,Magic Carpet,魔毯,upgrade_magic_carpet,spirit,4,6400,instant_cast,Item,TechPower,Spirit Power,元灵力量,spirit_power_add,flat,14.0,0.0,False,,False,False,passive_unconditional,True,,innate,MODIFIER_VALUE_TECH_POWER
3919289022:BonusClipSizePercent,3919289022,Mercurial Magnum,水银马格南,upgrade_ethereal_bullets,spirit,4,6400,passive,Item,BonusClipSizePercent,Max Ammo,最大 弹药,clip_size_pct,percent,20.0,0.0,False,,False,False,passive_unconditional,True,,innate,MODIFIER_VALUE_AMMO_CLIP_SIZE_PERCENT
3919289022:BonusFireRate,3919289022,Mercurial Magnum,水银马格南,upgrade_ethereal_bullets,spirit,4,6400,passive,Item,BonusFireRate,Fire Rate,射速,fire_rate_pct,percent,22.0,0.0,False,,False,False,active_or_contextual,False,,passive,MODIFIER_VALUE_FIRE_RATE
3919289022:TechPower,3919289022,Mercurial Magnum,水银马格南,upgrade_ethereal_bullets,spirit,4,6400,passive,Item,TechPower,Spirit Power,元灵力量,spirit_power_add,flat,7.0,0.0,False,,False,False,passive_unconditional,True,,innate,MODIFIER_VALUE_TECH_POWER
677738769:BulletResist,677738769,Refresher,刷新器,upgrade_ability_refresher,spirit,4,6400,instant_cast,Item,BulletResist,Bullet Resist,子弹抗性,bullet_armor_add,flat,15.0,0.0,False,,False,False,passive_unconditional,True,,,MODIFIER_VALUE_BULLET_ARMOR_DAMAGE_RESIST
677738769:TechResist,677738769,Refresher,刷新器,upgrade_ability_refresher,spirit,4,6400,instant_cast,Item,TechResist,Spirit Resist,元灵抗性,spirit_armor_add,flat,14.0,0.0,False,,False,False,passive_unconditional,True,,,MODIFIER_VALUE_TECH_RESIST
2417568017:BonusHealth,2417568017,Scourge,祸害,upgrade_discord,spirit,4,6400,press,Item,BonusHealth,Bonus Health,额外 生命,max_health_add,flat,100.0,0.0,False,,False,False,passive_unconditional,True,,innate,MODIFIER_VALUE_HEALTH_MAX
2417568017:TechResist,2417568017,Scourge,祸害,upgrade_discord,spirit,4,6400,press,Item,TechResist,Spirit Resist,元灵抗性,spirit_armor_add,flat,40.0,0.0,False,,True,False,conditional_active,False,ConditionallyApplied,active,MODIFIER_VALUE_TECH_RESIST
343572757:TechRadiusMultiplier,343572757,Spirit Burn,元灵灼烧,upgrade_spirit_burn,spirit,4,6400,passive,Item,TechRadiusMultiplier,Radius,半径,tech_radius_pct,percent,6.0,0.0,False,,False,False,passive_unconditional,True,,,MODIFIER_VALUE_TECH_RADIUS_PERCENT
343572757:TechRangeMultiplier,343572757,Spirit Burn,元灵灼烧,upgrade_spirit_burn,spirit,4,6400,passive,Item,TechRangeMultiplier,Ability Range,技能 范围,tech_range_pct,percent,6.0,0.0,False,,False,False,passive_unconditional,True,,innate,MODIFIER_VALUE_TECH_RANGE_PERCENT
915014646:CooldownReduction,915014646,Transcendent Cooldown,超凡冷却,upgrade_transcendent_cooldown,spirit,4,6400,passive,Item,CooldownReduction,Ability Cooldown Reduction,技能 冷却 降低,tech_cooldown_pct,percent,25.0,0.0,False,,False,False,active_or_contextual,False,,passive,MODIFIER_VALUE_COOLDOWN_REDUCTION_PERCENTAGE
1152158042:BonusSprintSpeed,1152158042,Vortex Web,漩涡之网,upgrade_aoe_root,spirit,4,6400,press,Item,BonusSprintSpeed,Sprint Speed,冲刺速度,sprint_speed_add,flat,0.75,0.0,False,,False,False,passive_unconditional,True,,innate,MODIFIER_VALUE_SPRINT_SPEED_BONUS
1152158042:TechRadiusMultiplier,1152158042,Vortex Web,漩涡之网,upgrade_aoe_root,spirit,4,6400,press,Item,TechRadiusMultiplier,Radius,半径,tech_radius_pct,percent,8.0,0.0,False,,False,False,passive_unconditional,True,,,MODIFIER_VALUE_TECH_RADIUS_PERCENT
1152158042:TechRangeMultiplier,1152158042,Vortex Web,漩涡之网,upgrade_aoe_root,spirit,4,6400,press,Item,TechRangeMultiplier,Ability Range,技能 范围,tech_range_pct,percent,8.0,0.0,False,,False,False,passive_unconditional,True,,innate,MODIFIER_VALUE_TECH_RANGE_PERCENT
2068250483:ImbuedCooldownReduction,2068250483,Frostbite Charm,冻伤护符,upgrade_shivas_bracelet,spirit,5,9999,passive,Item,ImbuedCooldownReduction,Imbued Ability Cooldown Reduction,灌注 技能 冷却 降低,tech_cooldown_pct,percent,50.0,0.0,False,,False,False,active_or_contextual,False,,active,MODIFIER_VALUE_COOLDOWN_REDUCTION_PERCENTAGE
2068250483:ImbuedTechPower,2068250483,Frostbite Charm,冻伤护符,upgrade_shivas_bracelet,spirit,5,9999,passive,Item,ImbuedTechPower,Imbued Ability Spirit Power,灌注 技能 元灵 力量,spirit_power_add,flat,70.0,0.0,False,,False,False,active_or_contextual,False,,active,MODIFIER_VALUE_TECH_POWER
4050602737:CooldownReduction,4050602737,Mystic Conduit,秘术导管,upgrade_patrons_blessing,spirit,5,9999,passive,Item,CooldownReduction,Ability Cooldown Reduction,技能 冷却 降低,tech_cooldown_pct,percent,40.0,0.0,False,,False,False,active_or_contextual,False,,passive,MODIFIER_VALUE_COOLDOWN_REDUCTION_PERCENTAGE
4050602737:TechPower,4050602737,Mystic Conduit,秘术导管,upgrade_patrons_blessing,spirit,5,9999,passive,Item,TechPower,Spirit Power,元灵力量,spirit_power_add,flat,40.0,0.0,False,,False,False,passive_unconditional,True,,,MODIFIER_VALUE_TECH_POWER
4050602737:TechRadiusMultiplier,4050602737,Mystic Conduit,秘术导管,upgrade_patrons_blessing,spirit,5,9999,passive,Item,TechRadiusMultiplier,Radius,半径,tech_radius_pct,percent,40.0,0.0,False,,False,False,passive_unconditional,True,,,MODIFIER_VALUE_TECH_RADIUS_PERCENT
4050602737:TechRangeMultiplier,4050602737,Mystic Conduit,秘术导管,upgrade_patrons_blessing,spirit,5,9999,passive,Item,TechRangeMultiplier,Ability Range,技能 范围,tech_range_pct,percent,40.0,0.0,False,,False,False,active_or_contextual,False,,passive,MODIFIER_VALUE_TECH_RANGE_PERCENT
424779525:BonusAbilityCharges,424779525,Omnicharge Signet,全能充能印记,upgrade_omnicharge_pendant,spirit,5,9999,passive,Item,BonusAbilityCharges,Charged Ability,已充能 技能,ability_charges_add,flat,4.0,0.0,False,,False,False,active_or_contextual,False,,passive,
424779525:CooldownBetweenChargeReduction,424779525,Omnicharge Signet,全能充能印记,upgrade_omnicharge_pendant,spirit,5,9999,passive,Item,CooldownBetweenChargeReduction,Faster Time Between Charges,更快 时间 间隔 充能次数,charge_cooldown_pct,percent,70.0,0.0,False,,False,False,passive_unconditional,True,,innate,MODIFIER_VALUE_COOLDOWN_BETWEEN_CHARGE_REDUCTION_PERCENTAGE
424779525:CooldownReductionOnChargedAbilities,424779525,Omnicharge Signet,全能充能印记,upgrade_omnicharge_pendant,spirit,5,9999,passive,Item,CooldownReductionOnChargedAbilities,Cooldown Reduction For Charged Abilities,冷却 降低 用于 已充能 技能,tech_cooldown_pct,percent,30.0,0.0,False,,False,False,passive_unconditional,True,,innate,MODIFIER_VALUE_COOLDOWN_REDUCTION_PERCENTAGE
4121584236:BonusFireRate,4121584236,Shrink Ray,缩小射线,upgrade_shrink_ray,spirit,5,9999,press,Item,BonusFireRate,Fire Rate,射速,fire_rate_pct,percent,20.0,0.0,False,,False,False,active_or_contextual,False,,active,MODIFIER_VALUE_FIRE_RATE
4121584236:BonusMoveSpeed,4121584236,Shrink Ray,缩小射线,upgrade_shrink_ray,spirit,5,9999,press,Item,BonusMoveSpeed,Move Speed,移动速度,move_speed_add,flat,5.0,0.0,False,,False,False,active_or_contextual,False,,active,MODIFIER_VALUE_MOVEMENT_SPEED_MAX
1558545403:BaseAttackDamagePercent,1558545403,Unstable Concoction,不稳定合剂,upgrade_unstable_concoction,spirit,5,9999,instant_cast,Item,BaseAttackDamagePercent,Weapon Damage,武器伤害,weapon_damage_pct,percent,150.0,0.0,False,,True,False,conditional_active,False,ConditionallyApplied,active,MODIFIER_VALUE_WEAPON_DAMAGE_INCREASE
1558545403:BonusHealth,1558545403,Unstable Concoction,不稳定合剂,upgrade_unstable_concoction,spirit,5,9999,instant_cast,Item,BonusHealth,Bonus Health,额外 生命,max_health_add,flat,3000.0,0.0,False,,True,False,conditional_active,False,ConditionallyApplied,active,MODIFIER_VALUE_HEALTH_MAX
1558545403:BonusMoveSpeed,1558545403,Unstable Concoction,不稳定合剂,upgrade_unstable_concoction,spirit,5,9999,instant_cast,Item,BonusMoveSpeed,Move Speed,移动速度,move_speed_add,flat,10.0,0.0,False,,True,False,conditional_active,False,ConditionallyApplied,active,MODIFIER_VALUE_MOVEMENT_SPEED_MAX
1558545403:TechPower,1558545403,Unstable Concoction,不稳定合剂,upgrade_unstable_concoction,spirit,5,9999,instant_cast,Item,TechPower,Spirit Power,元灵力量,spirit_power_add,flat,150.0,0.0,False,,True,False,conditional_active,False,ConditionallyApplied,active,MODIFIER_VALUE_TECH_POWER
3633614685:BonusHealth,3633614685,Extra Health,额外生命,upgrade_health,vitality,1,800,passive,Item,BonusHealth,Bonus Health,额外 生命,max_health_add,flat,210.0,0.0,False,,False,False,passive_unconditional,True,,innate,MODIFIER_VALUE_HEALTH_MAX
2829638276:BonusHealthRegen,2829638276,Extra Regen,额外恢复,upgrade_endurance,vitality,1,800,passive,Item,BonusHealthRegen,Health Regen,生命恢复,health_regen_add,flat,2.5,0.0,False,,False,False,passive_unconditional,True,,innate,MODIFIER_VALUE_HEALTH_REGEN_PER_SECOND
4139877411:Stamina,4139877411,Extra Stamina,额外耐力,upgrade_improved_stamina,vitality,1,800,passive,Item,Stamina,Stamina,耐力,stamina_add,flat,1.0,0.0,False,,False,False,passive_unconditional,True,,innate,MODIFIER_VALUE_STAMINA
1672893796:CombatBarrier,1672893796,Grit,坚毅,upgrade_grit,vitality,1,800,instant_cast,Item,CombatBarrier,Barrier,屏障,barrier_add,flat,200.0,0.0,False,,True,False,conditional_active,False,ConditionallyApplied,active,MODIFIER_VALUE_BARRIER_HEALTH
1710079648:BonusSprintSpeed,1710079648,Healing Rite,治疗仪式,upgrade_health_stimpak,vitality,1,800,press,Item,BonusSprintSpeed,Sprint Speed,冲刺速度,sprint_speed_add,flat,2.0,0.0,False,,True,False,conditional_active,False,ConditionallyApplied,active,MODIFIER_VALUE_SPRINT_SPEED_BONUS
1710079648:TotalHealthRegen,1710079648,Healing Rite,治疗仪式,upgrade_health_stimpak,vitality,1,800,press,Item,TotalHealthRegen,Total HP Regen,总计 生命值 恢复,health_regen_add,flat,300.0,0.0,False,,False,False,active_or_contextual,False,,active,
1437614329:BonusMeleeDamagePercent,1437614329,Melee Lifesteal,近战吸血,upgrade_lifestrike_gauntlets,vitality,1,800,passive,Item,BonusMeleeDamagePercent,Melee Damage,近战 伤害,melee_damage_pct,percent,12.0,0.0,False,,False,False,passive_unconditional,True,,innate,MODIFIER_VALUE_MELEE_DAMAGE_INCREASE
4204808176:BonusHealth,4204808176,Rebuttal,反驳,upgrade_melee_rebuttal,vitality,1,800,passive,Item,BonusHealth,Bonus Health,额外 生命,max_health_add,flat,75.0,0.0,False,,False,False,passive_unconditional,True,,innate,MODIFIER_VALUE_HEALTH_MAX
3399065363:BonusSprintSpeed,3399065363,Sprint Boots,冲刺靴,upgrade_sprint_booster,vitality,1,800,passive,Item,BonusSprintSpeed,Sprint Speed,冲刺速度,sprint_speed_add,flat,2.0,0.0,False,,False,False,passive_unconditional,True,,innate,MODIFIER_VALUE_SPRINT_SPEED_BONUS
1235347618:BaseAttackDamagePercent,1235347618,Battle Vest,战斗背心,upgrade_regenerating_bullet_shield,vitality,2,1600,passive,Item,BaseAttackDamagePercent,Weapon Damage,武器伤害,weapon_damage_pct,percent,18.0,0.0,False,,True,False,conditional_active,False,ConditionallyApplied,passive,
1235347618:BonusFireRate,1235347618,Battle Vest,战斗背心,upgrade_regenerating_bullet_shield,vitality,2,1600,passive,Item,BonusFireRate,Fire Rate,射速,fire_rate_pct,percent,7.0,0.0,False,,True,False,conditional_active,False,ConditionallyApplied,passive,MODIFIER_VALUE_FIRE_RATE
1235347618:BulletResist,1235347618,Battle Vest,战斗背心,upgrade_regenerating_bullet_shield,vitality,2,1600,passive,Item,BulletResist,Bullet Resist,子弹抗性,bullet_armor_add,flat,18.0,0.0,False,,False,False,passive_unconditional,True,,innate,MODIFIER_VALUE_BULLET_ARMOR_DAMAGE_RESIST
499683006:BaseAttackDamagePercent,499683006,Bullet Lifesteal,子弹吸血,upgrade_vampire,vitality,2,1600,passive,Item,BaseAttackDamagePercent,Weapon Damage,武器伤害,weapon_damage_pct,percent,6.0,0.0,False,,False,False,passive_unconditional,True,,innate,MODIFIER_VALUE_WEAPON_DAMAGE_INCREASE
499683006:BonusHealth,499683006,Bullet Lifesteal,子弹吸血,upgrade_vampire,vitality,2,1600,passive,Item,BonusHealth,Bonus Health,额外 生命,max_health_add,flat,90.0,0.0,False,,False,False,passive_unconditional,True,,innate,MODIFIER_VALUE_HEALTH_MAX
1047818222:BonusHealth,1047818222,Debuff Reducer,减益削减器,upgrade_debuff_reducer,vitality,2,1600,passive,Item,BonusHealth,Bonus Health,额外 生命,max_health_add,flat,90.0,0.0,False,,False,False,passive_unconditional,True,,innate,MODIFIER_VALUE_HEALTH_MAX
3970837787:CooldownReduction,3970837787,Enchanter's Emblem,附魔师徽记,upgrade_magic_shield,vitality,2,1600,passive,Item,CooldownReduction,Ability Cooldown Reduction,技能 冷却 降低,tech_cooldown_pct,percent,5.0,0.0,False,,False,True,passive_unconditional,True,IntrinsicallyProvidedInAbility,passive,MODIFIER_VALUE_COOLDOWN_REDUCTION_PERCENTAGE
3970837787:TechPower,3970837787,Enchanter's Emblem,附魔师徽记,upgrade_magic_shield,vitality,2,1600,passive,Item,TechPower,Spirit Power,元灵力量,spirit_power_add,flat,15.0,0.0,False,,False,True,passive_unconditional,True,IntrinsicallyProvidedInAbility,passive,MODIFIER_VALUE_TECH_POWER
3970837787:TechResist,3970837787,Enchanter's Emblem,附魔师徽记,upgrade_magic_shield,vitality,2,1600,passive,Item,TechResist,Spirit Resist,元灵抗性,spirit_armor_add,flat,18.0,0.0,False,,False,False,passive_unconditional,True,,innate,MODIFIER_VALUE_TECH_RESIST
2447176615:BonusMoveSpeed,2447176615,Enduring Speed,持久速度,upgrade_cardio_calibrator,vitality,2,1600,passive,Item,BonusMoveSpeed,Move Speed,移动速度,move_speed_add,flat,2.0,0.0,False,,False,False,passive_unconditional,True,,innate,MODIFIER_VALUE_MOVEMENT_SPEED_MAX
857669956:BonusMoveSpeed,857669956,Guardian Ward,守护结界,upgrade_guardian_ward,vitality,2,1600,press,Item,BonusMoveSpeed,Move Speed,移动速度,move_speed_add,flat,2.75,0.0,False,,True,False,conditional_active,False,ConditionallyApplied,active,MODIFIER_VALUE_MOVEMENT_SPEED_MAX
857669956:GuardianWardCombatBarrier,857669956,Guardian Ward,守护结界,upgrade_guardian_ward,vitality,2,1600,press,Item,GuardianWardCombatBarrier,Barrier,屏障,barrier_add,flat,250.0,0.0,False,,True,False,conditional_active,False,ConditionallyApplied,active,MODIFIER_VALUE_BARRIER_HEALTH
857669956:TechRadiusMultiplier,857669956,Guardian Ward,守护结界,upgrade_guardian_ward,vitality,2,1600,press,Item,TechRadiusMultiplier,Radius,半径,tech_radius_pct,percent,8.0,0.0,False,,False,False,passive_unconditional,True,,,MODIFIER_VALUE_TECH_RADIUS_PERCENT
857669956:TechRangeMultiplier,857669956,Guardian Ward,守护结界,upgrade_guardian_ward,vitality,2,1600,press,Item,TechRangeMultiplier,Ability Range,技能 范围,tech_range_pct,percent,8.0,0.0,False,,False,False,passive_unconditional,True,,innate,MODIFIER_VALUE_TECH_RANGE_PERCENT
2603935618:TechPower,2603935618,Healbane,疗愈克星,upgrade_healbane,vitality,2,1600,passive,Item,TechPower,Spirit Power,元灵力量,spirit_power_add,flat,7.0,0.0,False,,False,False,passive_unconditional,True,,innate,MODIFIER_VALUE_TECH_POWER
2566692615:BonusHealthRegen,2566692615,Healing Booster,治疗增幅器,upgrade_healing_booster,vitality,2,1600,passive,Item,BonusHealthRegen,Health Regen,生命恢复,health_regen_add,flat,3.0,0.0,False,,False,False,passive_unconditional,True,,innate,MODIFIER_VALUE_HEALTH_REGEN_PER_SECOND
2566692615:HealAmpCastPercent,2566692615,Healing Booster,治疗增幅器,upgrade_healing_booster,vitality,2,1600,passive,Item,HealAmpCastPercent,Healing Effectiveness,治疗 效果,healing_output_pct,percent,20.0,0.0,False,,False,False,active_or_contextual,False,,passive,MODIFIER_VALUE_HEAL_AMP_CAST_PERCENT
1644605047:VexBarrierCombatBarrier,1644605047,Reactive Barrier,反应屏障,upgrade_vex_barrier,vitality,2,1600,passive,Item,VexBarrierCombatBarrier,Barrier,屏障,barrier_add,flat,325.0,0.0,False,,True,False,conditional_active,False,ConditionallyApplied,passive,MODIFIER_VALUE_BARRIER_HEALTH
2059712766:TechResist,2059712766,Restorative Locket,复苏吊坠,upgrade_restorative_locket,vitality,2,1600,instant_cast,Item,TechResist,Spirit Resist,元灵抗性,spirit_armor_add,flat,10.0,0.0,False,,False,False,passive_unconditional,True,,innate,MODIFIER_VALUE_TECH_RESIST
3361075077:BulletResist,3361075077,Return Fire,还击火力,upgrade_return_fire,vitality,2,1600,instant_cast,Item,BulletResist,Bullet Resist,子弹抗性,bullet_armor_add,flat,10.0,0.0,False,,False,False,passive_unconditional,True,,innate,MODIFIER_VALUE_BULLET_ARMOR_DAMAGE_RESIST
876563814:BonusHealth,876563814,Spirit Lifesteal,元灵吸血,upgrade_health_stealing_magic,vitality,2,1600,passive,Item,BonusHealth,Bonus Health,额外 生命,max_health_add,flat,90.0,0.0,False,,False,False,passive_unconditional,True,,innate,MODIFIER_VALUE_HEALTH_MAX
876563814:TechPower,876563814,Spirit Lifesteal,元灵吸血,upgrade_health_stealing_magic,vitality,2,1600,passive,Item,TechPower,Spirit Power,元灵力量,spirit_power_add,flat,6.0,0.0,False,,False,False,passive_unconditional,True,,innate,MODIFIER_VALUE_TECH_POWER
112198670:CombatBarrier,112198670,Spirit Shielding,元灵护盾,upgrade_spirit_bubble,vitality,2,1600,passive,Item,CombatBarrier,Barrier,屏障,barrier_add,flat,300.0,0.0,False,,True,False,conditional_active,False,ConditionallyApplied,passive,MODIFIER_VALUE_BARRIER_HEALTH
112198670:TechResist,112198670,Spirit Shielding,元灵护盾,upgrade_spirit_bubble,vitality,2,1600,passive,Item,TechResist,Spirit Resist,元灵抗性,spirit_armor_add,flat,18.0,0.0,False,,True,False,conditional_active,False,ConditionallyApplied,passive,MODIFIER_VALUE_TECH_RESIST
3074274290:BonusSprintSpeed,3074274290,Trophy Collector,战利品收藏家,upgrade_trophy_collector,vitality,2,1600,passive,Item,BonusSprintSpeed,Sprint Speed,冲刺速度,sprint_speed_add,flat,2.0,0.0,False,,False,False,passive_unconditional,True,,innate,MODIFIER_VALUE_SPRINT_SPEED_BONUS
3074274290:StackingTechRangeMultiplier,3074274290,Trophy Collector,战利品收藏家,upgrade_trophy_collector,vitality,2,1600,passive,Item,StackingTechRangeMultiplier,Ability Range,技能 范围,tech_range_pct,percent,0.75,0.0,True,stack/kill,False,False,stack_or_kill_assumption,False,,passive,
805079544:BulletResist,805079544,Weapon Shielding,武器护盾,upgrade_weapon_shielding,vitality,2,1600,passive,Item,BulletResist,Bullet Resist,子弹抗性,bullet_armor_add,flat,18.0,0.0,False,,True,False,conditional_active,False,ConditionallyApplied,passive,MODIFIER_VALUE_BULLET_ARMOR_DAMAGE_RESIST
805079544:CombatBarrier,805079544,Weapon Shielding,武器护盾,upgrade_weapon_shielding,vitality,2,1600,passive,Item,CombatBarrier,Barrier,屏障,barrier_add,flat,300.0,0.0,False,,True,False,conditional_active,False,ConditionallyApplied,passive,MODIFIER_VALUE_BARRIER_HEALTH
3140772621:BulletResist,3140772621,Bullet Resilience,子弹韧性,upgrade_improved_bullet_armor,vitality,3,3200,passive,Item,BulletResist,Bullet Resist,子弹抗性,bullet_armor_add,flat,30.0,0.0,False,,False,True,passive_unconditional,True,IntrinsicallyProvidedInAbility,innate,MODIFIER_VALUE_BULLET_ARMOR_DAMAGE_RESIST
1414025773:BonusHealth,1414025773,Counterspell,反制法术,upgrade_counterspell,vitality,3,3200,passive,Item,BonusHealth,Bonus Health,额外 生命,max_health_add,flat,50.0,0.0,False,,False,False,passive_unconditional,True,,innate,MODIFIER_VALUE_HEALTH_MAX
1414025773:BonusMoveSpeed,1414025773,Counterspell,反制法术,upgrade_counterspell,vitality,3,3200,passive,Item,BonusMoveSpeed,Move Speed,移动速度,move_speed_add,flat,1.75,0.0,False,,True,False,conditional_active,False,ConditionallyApplied,passive,MODIFIER_VALUE_MOVEMENT_SPEED_MAX
1414025773:SpiritPower,1414025773,Counterspell,反制法术,upgrade_counterspell,vitality,3,3200,passive,Item,SpiritPower,Spirit Power,元灵力量,spirit_power_add,flat,20.0,0.0,False,,True,False,conditional_active,False,ConditionallyApplied,passive,MODIFIER_VALUE_TECH_POWER
1414025773:SpiritPowerInnate,1414025773,Counterspell,反制法术,upgrade_counterspell,vitality,3,3200,passive,Item,SpiritPowerInnate,Spirit Power,元灵力量,spirit_power_add,flat,5.0,0.0,False,,False,False,passive_unconditional,True,,innate,MODIFIER_VALUE_TECH_POWER
3731635960:ActiveBonusMoveSpeed,3731635960,Dispel Magic,驱散魔法,upgrade_reduce_debuff_duration,vitality,3,3200,instant_cast,Item,ActiveBonusMoveSpeed,Move Speed,移动速度,move_speed_add,flat,2.0,0.0,False,,True,False,conditional_active,False,ConditionallyApplied,active,MODIFIER_VALUE_MOVEMENT_SPEED_MAX
3731635960:TechResist,3731635960,Dispel Magic,驱散魔法,upgrade_reduce_debuff_duration,vitality,3,3200,instant_cast,Item,TechResist,Spirit Resist,元灵抗性,spirit_armor_add,flat,10.0,0.0,False,,False,True,passive_unconditional,True,IntrinsicallyProvidedInAbility,innate,MODIFIER_VALUE_TECH_RESIST
3585132399:BonusHealth,3585132399,Fortitude,坚韧,upgrade_chonky,vitality,3,3200,passive,Item,BonusHealth,Bonus Health,额外 生命,max_health_add,flat,375.0,0.0,False,,False,False,passive_unconditional,True,,innate,MODIFIER_VALUE_HEALTH_MAX
3585132399:BonusMoveSpeed,3585132399,Fortitude,坚韧,upgrade_chonky,vitality,3,3200,passive,Item,BonusMoveSpeed,Move Speed,移动速度,move_speed_add,flat,1.5,0.0,False,,True,False,conditional_active,False,ConditionallyApplied,passive,MODIFIER_VALUE_MOVEMENT_SPEED_MAX
1409190604:BaseAttackDamagePercent,1409190604,Fury Trance,狂怒恍惚,upgrade_fury_trance,vitality,3,3200,instant_cast,Item,BaseAttackDamagePercent,Weapon Damage,武器伤害,weapon_damage_pct,percent,6.0,0.0,False,,False,False,passive_unconditional,True,,innate,MODIFIER_VALUE_WEAPON_DAMAGE_INCREASE
1409190604:BonusHealth,1409190604,Fury Trance,狂怒恍惚,upgrade_fury_trance,vitality,3,3200,instant_cast,Item,BonusHealth,Bonus Health,额外 生命,max_health_add,flat,100.0,0.0,False,,False,False,passive_unconditional,True,,innate,MODIFIER_VALUE_HEALTH_MAX
1409190604:TechResist,1409190604,Fury Trance,狂怒恍惚,upgrade_fury_trance,vitality,3,3200,instant_cast,Item,TechResist,Spirit Resist,元灵抗性,spirit_armor_add,flat,40.0,0.0,False,,False,False,active_or_contextual,False,,active,MODIFIER_VALUE_TECH_RESIST
2956256701:SpiritPower,2956256701,Healing Nova,治疗新星,upgrade_health_nova,vitality,3,3200,instant_cast,Item,SpiritPower,Spirit Power,元灵力量,spirit_power_add,flat,8.0,0.0,False,,False,False,passive_unconditional,True,,innate,MODIFIER_VALUE_TECH_POWER
2956256701:TechRadiusMultiplier,2956256701,Healing Nova,治疗新星,upgrade_health_nova,vitality,3,3200,instant_cast,Item,TechRadiusMultiplier,Radius,半径,tech_radius_pct,percent,5.0,0.0,False,,False,False,passive_unconditional,True,,,MODIFIER_VALUE_TECH_RADIUS_PERCENT
2956256701:TechRangeMultiplier,2956256701,Healing Nova,治疗新星,upgrade_health_nova,vitality,3,3200,instant_cast,Item,TechRangeMultiplier,Ability Range,技能 范围,tech_range_pct,percent,5.0,0.0,False,,False,False,passive_unconditional,True,,innate,MODIFIER_VALUE_TECH_RANGE_PERCENT
2956256701:TotalHealthRegen,2956256701,Healing Nova,治疗新星,upgrade_health_nova,vitality,3,3200,instant_cast,Item,TotalHealthRegen,Total HP Regen,总计 生命值 恢复,health_regen_add,flat,325.0,0.0,False,,False,False,active_or_contextual,False,,active,
1252627263:BonusHealth,1252627263,Lifestrike,生命打击,upgrade_boxing_glove,vitality,3,3200,passive,Item,BonusHealth,Bonus Health,额外 生命,max_health_add,flat,125.0,0.0,False,,False,False,passive_unconditional,True,,innate,MODIFIER_VALUE_HEALTH_MAX
1252627263:BonusMeleeDamagePercent,1252627263,Lifestrike,生命打击,upgrade_boxing_glove,vitality,3,3200,passive,Item,BonusMeleeDamagePercent,Melee Damage,近战 伤害,melee_damage_pct,percent,16.0,0.0,False,,False,False,passive_unconditional,True,,innate,MODIFIER_VALUE_MELEE_DAMAGE_INCREASE
600033864:CombatBarrier,600033864,Majestic Leap,威严跃击,upgrade_rocket_booster,vitality,3,3200,instant_cast,Item,CombatBarrier,Barrier,屏障,barrier_add,flat,200.0,0.0,False,,True,False,conditional_active,False,ConditionallyApplied,active,MODIFIER_VALUE_BARRIER_HEALTH
1378931225:ActiveMoveSpeedPenalty,1378931225,Metal Skin,金属皮肤,upgrade_metal_skin,vitality,3,3200,instant_cast,Item,ActiveMoveSpeedPenalty,Active Movespeed Penalty,主动 移动速度 惩罚,move_speed_add,flat,-1.5,0.0,False,,True,False,conditional_active,False,ConditionallyApplied,active,MODIFIER_VALUE_MOVEMENT_SPEED_MAX
1378931225:BulletResist,1378931225,Metal Skin,金属皮肤,upgrade_metal_skin,vitality,3,3200,instant_cast,Item,BulletResist,Bullet Resist,子弹抗性,bullet_armor_add,flat,12.0,0.0,False,,False,False,passive_unconditional,True,,innate,MODIFIER_VALUE_BULLET_ARMOR_DAMAGE_RESIST
1804594021:BonusSprintSpeed,1804594021,Rescue Beam,救援光束,upgrade_rescue_beam,vitality,3,3200,press,Item,BonusSprintSpeed,Sprint Speed,冲刺速度,sprint_speed_add,flat,0.75,0.0,False,,False,False,passive_unconditional,True,,innate,MODIFIER_VALUE_SPRINT_SPEED_BONUS
1804594021:TechRadiusMultiplier,1804594021,Rescue Beam,救援光束,upgrade_rescue_beam,vitality,3,3200,press,Item,TechRadiusMultiplier,Radius,半径,tech_radius_pct,percent,6.0,0.0,False,,False,False,passive_unconditional,True,,,MODIFIER_VALUE_TECH_RADIUS_PERCENT
1804594021:TechRangeMultiplier,1804594021,Rescue Beam,救援光束,upgrade_rescue_beam,vitality,3,3200,press,Item,TechRangeMultiplier,Ability Range,技能 范围,tech_range_pct,percent,6.0,0.0,False,,False,False,passive_unconditional,True,,innate,MODIFIER_VALUE_TECH_RANGE_PERCENT
2163598980:TechResist,2163598980,Spirit Resilience,元灵韧性,upgrade_tech_purge,vitality,3,3200,passive,Item,TechResist,Spirit Resist,元灵抗性,spirit_armor_add,flat,30.0,0.0,False,,False,True,passive_unconditional,True,IntrinsicallyProvidedInAbility,innate,MODIFIER_VALUE_TECH_RESIST
334300056:Stamina,334300056,Stamina Mastery,耐力精通,upgrade_superior_stamina,vitality,3,3200,passive,Item,Stamina,Stamina,耐力,stamina_add,flat,2.0,0.0,False,,False,False,passive_unconditional,True,,innate,MODIFIER_VALUE_STAMINA
865958998:BonusHealth,865958998,Veil Walker,帷幕行者,upgrade_veil_walker,vitality,3,3200,passive,Item,BonusHealth,Bonus Health,额外 生命,max_health_add,flat,125.0,0.0,False,,False,False,passive_unconditional,True,,innate,MODIFIER_VALUE_HEALTH_MAX
865958998:BonusMoveSpeed,865958998,Veil Walker,帷幕行者,upgrade_veil_walker,vitality,3,3200,passive,Item,BonusMoveSpeed,Invis Move Speed,隐身 移动 速度,move_speed_add,flat,3.5,0.0,False,,True,False,conditional_active,False,ConditionallyApplied,passive,MODIFIER_VALUE_MOVEMENT_SPEED_MAX
865958998:BonusSprintSpeed,865958998,Veil Walker,帷幕行者,upgrade_veil_walker,vitality,3,3200,passive,Item,BonusSprintSpeed,Sprint Speed,冲刺速度,sprint_speed_add,flat,2.0,0.0,False,,False,False,passive_unconditional,True,,innate,MODIFIER_VALUE_SPRINT_SPEED_BONUS
865958998:SpiritPower,865958998,Veil Walker,帷幕行者,upgrade_veil_walker,vitality,3,3200,passive,Item,SpiritPower,Spirit Power,元灵力量,spirit_power_add,flat,10.0,0.0,False,,False,False,passive_unconditional,True,,innate,MODIFIER_VALUE_TECH_POWER
3270001687:BulletResist,3270001687,Warp Stone,跃迁石,upgrade_warp_stone,vitality,3,3200,instant_cast,Item,BulletResist,Bullet Resist,子弹抗性,bullet_armor_add,flat,30.0,0.0,False,,True,False,conditional_active,False,ConditionallyApplied,active,MODIFIER_VALUE_BULLET_ARMOR_DAMAGE_RESIST
3361811174:BonusHealth,3361811174,Cheat Death,欺骗死亡,upgrade_cheat_death,vitality,4,6400,passive,Item,BonusHealth,Bonus Health,额外 生命,max_health_add,flat,200.0,0.0,False,,False,False,passive_unconditional,True,,innate,MODIFIER_VALUE_HEALTH_MAX
3361811174:BulletResist,3361811174,Cheat Death,欺骗死亡,upgrade_cheat_death,vitality,4,6400,passive,Item,BulletResist,Bullet Resist,子弹抗性,bullet_armor_add,flat,15.0,0.0,False,,False,True,passive_unconditional,True,IntrinsicallyProvidedInAbility,innate,MODIFIER_VALUE_BULLET_ARMOR_DAMAGE_RESIST
2407781327:BaseAttackDamagePercent,2407781327,Colossus,巨像,upgrade_colossus,vitality,4,6400,instant_cast,Item,BaseAttackDamagePercent,Weapon Damage,武器伤害,weapon_damage_pct,percent,15.0,0.0,False,,False,False,passive_unconditional,True,,innate,MODIFIER_VALUE_WEAPON_DAMAGE_INCREASE
2407781327:BonusBaseHealth,2407781327,Colossus,巨像,upgrade_colossus,vitality,4,6400,instant_cast,Item,BonusBaseHealth,Base Health,基础 生命,max_health_pct,percent,25.0,0.0,False,,False,False,passive_unconditional,True,,innate,MODIFIER_VALUE_BASE_HEALTH_PERCENT
2407781327:BonusMeleeDamagePercent,2407781327,Colossus,巨像,upgrade_colossus,vitality,4,6400,instant_cast,Item,BonusMeleeDamagePercent,Melee Damage,近战 伤害,melee_damage_pct,percent,30.0,0.0,False,,False,False,active_or_contextual,False,,active,MODIFIER_VALUE_MELEE_DAMAGE_INCREASE
2407781327:BuffBulletResist,2407781327,Colossus,巨像,upgrade_colossus,vitality,4,6400,instant_cast,Item,BuffBulletResist,Bullet Resist,子弹抗性,bullet_armor_add,flat,35.0,0.0,False,,True,False,conditional_active,False,ConditionallyApplied,active,MODIFIER_VALUE_BULLET_ARMOR_DAMAGE_RESIST
2407781327:BuffTechResist,2407781327,Colossus,巨像,upgrade_colossus,vitality,4,6400,instant_cast,Item,BuffTechResist,Spirit Resist,元灵抗性,spirit_armor_add,flat,35.0,0.0,False,,True,False,conditional_active,False,ConditionallyApplied,active,MODIFIER_VALUE_TECH_RESIST
1662311306:BonusMoveSpeed,1662311306,Divine Barrier,神圣屏障,upgrade_divine_barrier,vitality,4,6400,press,Item,BonusMoveSpeed,Move Speed,移动速度,move_speed_add,flat,2.75,0.0,False,,True,False,conditional_active,False,ConditionallyApplied,active,MODIFIER_VALUE_MOVEMENT_SPEED_MAX
1662311306:CombatBarrier,1662311306,Divine Barrier,神圣屏障,upgrade_divine_barrier,vitality,4,6400,press,Item,CombatBarrier,Barrier,屏障,barrier_add,flat,600.0,0.0,False,,True,False,conditional_active,False,ConditionallyApplied,active,MODIFIER_VALUE_BARRIER_HEALTH
1662311306:TechRadiusMultiplier,1662311306,Divine Barrier,神圣屏障,upgrade_divine_barrier,vitality,4,6400,press,Item,TechRadiusMultiplier,Radius,半径,tech_radius_pct,percent,10.0,0.0,False,,False,False,passive_unconditional,True,,,MODIFIER_VALUE_TECH_RADIUS_PERCENT
1662311306:TechRangeMultiplier,1662311306,Divine Barrier,神圣屏障,upgrade_divine_barrier,vitality,4,6400,press,Item,TechRangeMultiplier,Ability Range,技能 范围,tech_range_pct,percent,10.0,0.0,False,,False,False,passive_unconditional,True,,innate,MODIFIER_VALUE_TECH_RANGE_PERCENT
2820116164:BonusAbilityDurationPercent,2820116164,Diviner's Kevlar,占卜者凯夫拉,upgrade_diviners_kevlar,vitality,4,6400,passive,Item,BonusAbilityDurationPercent,Ability Duration,技能 持续时间,tech_duration_pct,percent,15.0,0.0,False,,False,False,passive_unconditional,True,,innate,MODIFIER_VALUE_BONUS_ABILITY_DURATION_PERCENTAGE
2820116164:CombatBarrier,2820116164,Diviner's Kevlar,占卜者凯夫拉,upgrade_diviners_kevlar,vitality,4,6400,passive,Item,CombatBarrier,Barrier,屏障,barrier_add,flat,1000.0,0.0,False,,True,False,conditional_active,False,ConditionallyApplied,passive,MODIFIER_VALUE_BARRIER_HEALTH
2820116164:TechPower,2820116164,Diviner's Kevlar,占卜者凯夫拉,upgrade_diviners_kevlar,vitality,4,6400,passive,Item,TechPower,Spirit Power,元灵力量,spirit_power_add,flat,35.0,0.0,False,,True,False,conditional_active,False,ConditionallyApplied,passive,MODIFIER_VALUE_TECH_POWER
1427630806:BonusFireRate,1427630806,Healing Tempo,治疗节奏,upgrade_healbuff,vitality,4,6400,passive,Item,BonusFireRate,Fire Rate,射速,fire_rate_pct,percent,35.0,0.0,False,,False,False,passive_unconditional,True,,,MODIFIER_VALUE_FIRE_RATE
1427630806:BonusHealthRegen,1427630806,Healing Tempo,治疗节奏,upgrade_healbuff,vitality,4,6400,passive,Item,BonusHealthRegen,Health Regen,生命恢复,health_regen_add,flat,6.0,0.0,False,,False,False,passive_unconditional,True,,innate,MODIFIER_VALUE_HEALTH_REGEN_PER_SECOND
1427630806:BonusMoveSpeed,1427630806,Healing Tempo,治疗节奏,upgrade_healbuff,vitality,4,6400,passive,Item,BonusMoveSpeed,Move Speed,移动速度,move_speed_add,flat,1.25,0.0,False,,False,False,passive_unconditional,True,,,MODIFIER_VALUE_MOVEMENT_SPEED_MAX
1427630806:HealAmpCastPercent,1427630806,Healing Tempo,治疗节奏,upgrade_healbuff,vitality,4,6400,passive,Item,HealAmpCastPercent,Healing Effectiveness,治疗 效果,healing_output_pct,percent,25.0,0.0,False,,False,False,passive_unconditional,True,,innate,MODIFIER_VALUE_HEAL_AMP_CAST_PERCENT
1427630806:TechResist,1427630806,Healing Tempo,治疗节奏,upgrade_healbuff,vitality,4,6400,passive,Item,TechResist,Spirit Resist,元灵抗性,spirit_armor_add,flat,10.0,0.0,False,,False,False,passive_unconditional,True,,innate,MODIFIER_VALUE_TECH_RESIST
951866250:BulletResist,951866250,Indomitable,不屈,upgrade_auto_cleanse,vitality,4,6400,passive,Item,BulletResist,Bullet Resist,子弹抗性,bullet_armor_add,flat,10.0,0.0,False,,False,False,passive_unconditional,True,,innate,MODIFIER_VALUE_BULLET_ARMOR_DAMAGE_RESIST
951866250:TechResist,951866250,Indomitable,不屈,upgrade_auto_cleanse,vitality,4,6400,passive,Item,TechResist,Spirit Resist,元灵抗性,spirit_armor_add,flat,10.0,0.0,False,,False,False,passive_unconditional,True,,innate,MODIFIER_VALUE_TECH_RESIST
951866250:VexBarrierCombatBarrier,951866250,Indomitable,不屈,upgrade_auto_cleanse,vitality,4,6400,passive,Item,VexBarrierCombatBarrier,Barrier,屏障,barrier_add,flat,325.0,0.0,False,,True,False,conditional_active,False,ConditionallyApplied,,MODIFIER_VALUE_BARRIER_HEALTH
1797283378:BonusHealth,1797283378,Infuser,灌注器,upgrade_infuser,vitality,4,6400,instant_cast,Item,BonusHealth,Bonus Health,额外 生命,max_health_add,flat,100.0,0.0,False,,False,False,passive_unconditional,True,,innate,MODIFIER_VALUE_HEALTH_MAX
1797283378:BonusSpirit,1797283378,Infuser,灌注器,upgrade_infuser,vitality,4,6400,instant_cast,Item,BonusSpirit,Spirit Power,元灵力量,spirit_power_add,flat,30.0,0.0,False,,True,False,conditional_active,False,ConditionallyApplied,active,MODIFIER_VALUE_TECH_POWER
1797283378:TechPower,1797283378,Infuser,灌注器,upgrade_infuser,vitality,4,6400,instant_cast,Item,TechPower,Spirit Power,元灵力量,spirit_power_add,flat,6.0,0.0,False,,False,False,passive_unconditional,True,,innate,MODIFIER_VALUE_TECH_POWER
1797283378:TechResist,1797283378,Infuser,灌注器,upgrade_infuser,vitality,4,6400,instant_cast,Item,TechResist,Spirit Resist,元灵抗性,spirit_armor_add,flat,10.0,0.0,False,,False,True,passive_unconditional,True,IntrinsicallyProvidedInAbility,innate,MODIFIER_VALUE_TECH_RESIST
2037039379:BaseAttackDamagePercent,2037039379,Inhibitor,抑制装置,upgrade_inhibitor,vitality,4,6400,passive,Item,BaseAttackDamagePercent,Weapon Damage,武器伤害,weapon_damage_pct,percent,10.0,0.0,False,,False,False,passive_unconditional,True,,innate,MODIFIER_VALUE_WEAPON_DAMAGE_INCREASE
2037039379:BonusHealth,2037039379,Inhibitor,抑制装置,upgrade_inhibitor,vitality,4,6400,passive,Item,BonusHealth,Bonus Health,额外 生命,max_health_add,flat,150.0,0.0,False,,False,False,passive_unconditional,True,,innate,MODIFIER_VALUE_HEALTH_MAX
1250307611:BonusHealthRegen,1250307611,Juggernaut,主宰者,upgrade_juggernaut,vitality,4,6400,passive,Item,BonusHealthRegen,Health Regen,生命恢复,health_regen_add,flat,8.0,0.0,False,,False,False,passive_unconditional,True,,innate,MODIFIER_VALUE_HEALTH_REGEN_PER_SECOND
1250307611:BonusMoveSpeed,1250307611,Juggernaut,主宰者,upgrade_juggernaut,vitality,4,6400,passive,Item,BonusMoveSpeed,Move Speed,移动速度,move_speed_add,flat,2.5,0.0,False,,False,False,passive_unconditional,True,,innate,MODIFIER_VALUE_MOVEMENT_SPEED_MAX
865846625:BaseAttackDamagePercent,865846625,Leech,榨取,upgrade_damage_recycler,vitality,4,6400,passive,Item,BaseAttackDamagePercent,Weapon Damage,武器伤害,weapon_damage_pct,percent,12.0,0.0,False,,False,False,passive_unconditional,True,,innate,MODIFIER_VALUE_WEAPON_DAMAGE_INCREASE
865846625:BonusHealth,865846625,Leech,榨取,upgrade_damage_recycler,vitality,4,6400,passive,Item,BonusHealth,Bonus Health,额外 生命,max_health_add,flat,180.0,0.0,False,,False,False,passive_unconditional,True,,innate,MODIFIER_VALUE_HEALTH_MAX
865846625:TechPower,865846625,Leech,榨取,upgrade_damage_recycler,vitality,4,6400,passive,Item,TechPower,Spirit Power,元灵力量,spirit_power_add,flat,12.0,0.0,False,,False,False,passive_unconditional,True,,innate,MODIFIER_VALUE_TECH_POWER
1371725689:BaseAttackDamagePercent,1371725689,Phantom Strike,幻影打击,upgrade_phantom_strike,vitality,4,6400,press,Item,BaseAttackDamagePercent,Weapon Damage,武器伤害,weapon_damage_pct,percent,15.0,0.0,False,,False,False,passive_unconditional,True,,innate,MODIFIER_VALUE_WEAPON_DAMAGE_INCREASE
1371725689:TechPower,1371725689,Phantom Strike,幻影打击,upgrade_phantom_strike,vitality,4,6400,press,Item,TechPower,Spirit Power,元灵力量,spirit_power_add,flat,8.0,0.0,False,,False,False,passive_unconditional,True,,innate,MODIFIER_VALUE_TECH_POWER
3491236900:BonusHealth,3491236900,Plated Armor,板甲,upgrade_deflecting_armor,vitality,4,6400,passive,Item,BonusHealth,Bonus Health,额外 生命,max_health_add,flat,130.0,0.0,False,,False,False,passive_unconditional,True,,innate,MODIFIER_VALUE_HEALTH_MAX
1282141666:BaseAttackDamagePercent,1282141666,Siphon Bullets,虹吸子弹,upgrade_siphon_bullets,vitality,4,6400,passive,Item,BaseAttackDamagePercent,Weapon Damage,武器伤害,weapon_damage_pct,percent,15.0,0.0,False,,False,False,passive_unconditional,True,,innate,MODIFIER_VALUE_WEAPON_DAMAGE_INCREASE
1282141666:BulletResist,1282141666,Siphon Bullets,虹吸子弹,upgrade_siphon_bullets,vitality,4,6400,passive,Item,BulletResist,Bullet Resist,子弹抗性,bullet_armor_add,flat,10.0,0.0,False,,False,True,passive_unconditional,True,IntrinsicallyProvidedInAbility,innate,MODIFIER_VALUE_BULLET_ARMOR_DAMAGE_RESIST
1955841979:BonusHealth,1955841979,Spellbreaker,破法者,upgrade_spellbreaker,vitality,4,6400,passive,Item,BonusHealth,Bonus Health,额外 生命,max_health_add,flat,90.0,0.0,False,,False,False,passive_unconditional,True,,innate,MODIFIER_VALUE_HEALTH_MAX
1955841979:TechResist,1955841979,Spellbreaker,破法者,upgrade_spellbreaker,vitality,4,6400,passive,Item,TechResist,Spirit Resist,元灵抗性,spirit_armor_add,flat,18.0,0.0,False,,False,False,passive_unconditional,True,,innate,MODIFIER_VALUE_TECH_RESIST
3357231760:BonusHealth,3357231760,Unstoppable,势不可挡,upgrade_unstoppable,vitality,4,6400,instant_cast,Item,BonusHealth,Bonus Health,额外 生命,max_health_add,flat,125.0,0.0,False,,False,False,passive_unconditional,True,,innate,MODIFIER_VALUE_HEALTH_MAX
1055679805:BaseAttackDamagePercent,1055679805,Vampiric Burst,吸血爆发,upgrade_surging_power,vitality,4,6400,instant_cast,Item,BaseAttackDamagePercent,Weapon Damage,武器伤害,weapon_damage_pct,percent,6.0,0.0,False,,False,False,passive_unconditional,True,,innate,MODIFIER_VALUE_WEAPON_DAMAGE_INCREASE
1055679805:BonusHealth,1055679805,Vampiric Burst,吸血爆发,upgrade_surging_power,vitality,4,6400,instant_cast,Item,BonusHealth,Bonus Health,额外 生命,max_health_add,flat,100.0,0.0,False,,False,False,passive_unconditional,True,,innate,MODIFIER_VALUE_HEALTH_MAX
1055679805:BulletResist,1055679805,Vampiric Burst,吸血爆发,upgrade_surging_power,vitality,4,6400,instant_cast,Item,BulletResist,Bullet Resist,子弹抗性,bullet_armor_add,flat,10.0,0.0,False,,False,True,passive_unconditional,True,IntrinsicallyProvidedInAbility,innate,MODIFIER_VALUE_BULLET_ARMOR_DAMAGE_RESIST
3028234315:CooldownReduction,3028234315,Witchmail,巫术锁甲,upgrade_absorbing_armor,vitality,4,6400,passive,Item,CooldownReduction,Ability Cooldown Reduction,技能 冷却 降低,tech_cooldown_pct,percent,7.0,0.0,False,,False,False,passive_unconditional,True,,,MODIFIER_VALUE_COOLDOWN_REDUCTION_PERCENTAGE
3028234315:TechPower,3028234315,Witchmail,巫术锁甲,upgrade_absorbing_armor,vitality,4,6400,passive,Item,TechPower,Spirit Power,元灵力量,spirit_power_add,flat,14.0,0.0,False,,False,False,passive_unconditional,True,,innate,MODIFIER_VALUE_TECH_POWER
3028234315:TechResist,3028234315,Witchmail,巫术锁甲,upgrade_absorbing_armor,vitality,4,6400,passive,Item,TechResist,Spirit Resist,元灵抗性,spirit_armor_add,flat,22.0,0.0,False,,False,False,passive_unconditional,True,,innate,MODIFIER_VALUE_TECH_RESIST
3729138568:BuffMoveSpeedBonus,3729138568,Celestial Blessing,天界祝福,upgrade_celestial_guidance,vitality,5,9999,instant_cast,Item,BuffMoveSpeedBonus,Move Speed,移动速度,move_speed_add,flat,5.0,0.0,False,,True,False,conditional_active,False,ConditionallyApplied,active,MODIFIER_VALUE_MOVEMENT_SPEED_MAX
3523480953:BonusMoveSpeed,3523480953,Cloak of Opportunity,机遇斗篷,upgrade_cloak_of_opportunity,vitality,5,9999,passive,Item,BonusMoveSpeed,Move Speed,移动速度,move_speed_add,flat,3.0,0.0,False,,True,False,conditional_active,False,ConditionallyApplied,passive,MODIFIER_VALUE_MOVEMENT_SPEED_MAX
3523480953:CombatBarrier,3523480953,Cloak of Opportunity,机遇斗篷,upgrade_cloak_of_opportunity,vitality,5,9999,passive,Item,CombatBarrier,Barrier,屏障,barrier_add,flat,500.0,0.0,False,,True,False,conditional_active,False,ConditionallyApplied,passive,MODIFIER_VALUE_BARRIER_HEALTH
1825399334:FireRateWhileSliding,1825399334,Electric Slippers,电光拖鞋,upgrade_electric_slippers,vitality,5,9999,passive,Item,FireRateWhileSliding,Fire Rate While Sliding,射速 期间 滑行,fire_rate_pct,percent,60.0,0.0,False,,True,False,conditional_active,False,ConditionallyApplied,passive,MODIFIER_VALUE_FIRE_RATE
1825399334:Stamina,1825399334,Electric Slippers,电光拖鞋,upgrade_electric_slippers,vitality,5,9999,passive,Item,Stamina,Stamina,耐力,stamina_add,flat,2.0,0.0,False,,False,False,passive_unconditional,True,,innate,MODIFIER_VALUE_STAMINA
3949773228:BonusHealth,3949773228,Nullification Burst,无效化爆发,upgrade_nullification_aura,vitality,5,9999,instant_cast,Item,BonusHealth,Bonus Health,额外 生命,max_health_add,flat,300.0,0.0,False,,False,False,passive_unconditional,True,,innate,MODIFIER_VALUE_HEALTH_MAX
2319629810:BonusHealth,2319629810,Shadow Strike,暗影打击,upgrade_shadow_strike,vitality,5,9999,passive,Item,BonusHealth,Bonus Health,额外 生命,max_health_add,flat,350.0,0.0,False,,False,False,passive_unconditional,True,,innate,MODIFIER_VALUE_HEALTH_MAX
2319629810:Stamina,2319629810,Shadow Strike,暗影打击,upgrade_shadow_strike,vitality,5,9999,passive,Item,Stamina,Stamina,耐力,stamina_add,flat,3.0,0.0,False,,False,False,passive_unconditional,True,,innate,MODIFIER_VALUE_STAMINA
1548066885:BaseAttackDamagePercent,1548066885,Extended Magazine,扩容弹匣,upgrade_clip_size,weapon,1,800,passive,Item,BaseAttackDamagePercent,Weapon Damage,武器伤害,weapon_damage_pct,percent,8.0,0.0,False,,False,False,passive_unconditional,True,,innate,MODIFIER_VALUE_WEAPON_DAMAGE_INCREASE
1548066885:BonusClipSizePercent,1548066885,Extended Magazine,扩容弹匣,upgrade_clip_size,weapon,1,800,passive,Item,BonusClipSizePercent,Max Ammo,最大 弹药,clip_size_pct,percent,30.0,0.0,False,,False,False,passive_unconditional,True,,innate,MODIFIER_VALUE_AMMO_CLIP_SIZE_PERCENT
2010028405:BonusHealth,2010028405,Headshot Booster,爆头增幅器,upgrade_headshot_booster,weapon,1,800,passive,Item,BonusHealth,Bonus Health,额外 生命,max_health_add,flat,30.0,0.0,False,,False,False,passive_unconditional,True,,innate,MODIFIER_VALUE_HEALTH_MAX
3077079169:BaseAttackDamagePercent,3077079169,High-Velocity Rounds,高速弹,upgrade_high_velocity_mag,weapon,1,800,passive,Item,BaseAttackDamagePercent,Weapon Damage,武器伤害,weapon_damage_pct,percent,8.0,0.0,False,,False,False,passive_unconditional,True,,innate,MODIFIER_VALUE_WEAPON_DAMAGE_INCREASE
3077079169:BonusBulletSpeedPercent,3077079169,High-Velocity Rounds,高速弹,upgrade_high_velocity_mag,weapon,1,800,passive,Item,BonusBulletSpeedPercent,Bullet Velocity,子弹速度,bullet_speed_pct,percent,60.0,0.0,False,,False,False,passive_unconditional,True,,innate,MODIFIER_VALUE_BONUS_BULLET_SPEED_PERCENT
668299740:BonusFireRate,668299740,Rapid Rounds,速射弹,upgrade_rapid_rounds,weapon,1,800,passive,Item,BonusFireRate,Fire Rate,射速,fire_rate_pct,percent,9.0,0.0,False,,False,False,passive_unconditional,True,,innate,MODIFIER_VALUE_FIRE_RATE
3862866912:BaseAttackDamagePercent,3862866912,Restorative Shot,恢复射击,upgrade_medic_bullets,weapon,1,800,passive,Item,BaseAttackDamagePercent,Weapon Damage,武器伤害,weapon_damage_pct,percent,6.0,0.0,False,,False,False,passive_unconditional,True,,innate,MODIFIER_VALUE_WEAPON_DAMAGE_INCREASE
381961617:BonusClipSizePercent,381961617,Active Reload,主动换弹,upgrade_active_reload,weapon,2,1600,passive,Item,BonusClipSizePercent,Max Ammo,最大 弹药,clip_size_pct,percent,20.0,0.0,False,,False,False,passive_unconditional,True,,innate,MODIFIER_VALUE_AMMO_CLIP_SIZE_PERCENT
381961617:BonusFireRate,381961617,Active Reload,主动换弹,upgrade_active_reload,weapon,2,1600,passive,Item,BonusFireRate,Fire Rate,射速,fire_rate_pct,percent,25.0,0.0,False,,True,False,conditional_active,False,ConditionallyApplied,passive,MODIFIER_VALUE_FIRE_RATE
381961617:BonusMoveSpeed,381961617,Active Reload,主动换弹,upgrade_active_reload,weapon,2,1600,passive,Item,BonusMoveSpeed,Move Speed,移动速度,move_speed_add,flat,0.75,0.0,False,,False,False,active_or_contextual,False,,passive,MODIFIER_VALUE_MOVEMENT_SPEED_MAX
3403085434:ActiveBonusMoveSpeed,3403085434,Fleetfoot,疾步,upgrade_fleetfoot_boots,weapon,2,1600,instant_cast,Item,ActiveBonusMoveSpeed,Move Speed,移动速度,move_speed_add,flat,3.0,0.0,False,,True,False,conditional_active,False,ConditionallyApplied,active,MODIFIER_VALUE_MOVEMENT_SPEED_MAX
3403085434:BaseAttackDamagePercent,3403085434,Fleetfoot,疾步,upgrade_fleetfoot_boots,weapon,2,1600,instant_cast,Item,BaseAttackDamagePercent,Weapon Damage,武器伤害,weapon_damage_pct,percent,6.0,0.0,False,,False,False,passive_unconditional,True,,innate,MODIFIER_VALUE_WEAPON_DAMAGE_INCREASE
3403085434:BulletResist,3403085434,Fleetfoot,疾步,upgrade_fleetfoot_boots,weapon,2,1600,instant_cast,Item,BulletResist,Bullet Resist,子弹抗性,bullet_armor_add,flat,6.0,0.0,False,,False,True,passive_unconditional,True,IntrinsicallyProvidedInAbility,innate,MODIFIER_VALUE_BULLET_ARMOR_DAMAGE_RESIST
2407033488:BaseAttackDamagePercentAtMaxDuration,2407033488,Intensifying Magazine,强化弹匣,upgrade_intensifying_clip,weapon,2,1600,passive,Item,BaseAttackDamagePercentAtMaxDuration,Max Weapon Damage,最大 武器 伤害,weapon_damage_pct,percent,45.0,0.0,False,,True,False,conditional_active,False,ConditionallyApplied,passive,MODIFIER_VALUE_WEAPON_DAMAGE_INCREASE
2407033488:BonusClipSizePercent,2407033488,Intensifying Magazine,强化弹匣,upgrade_intensifying_clip,weapon,2,1600,passive,Item,BonusClipSizePercent,Max Ammo,最大 弹药,clip_size_pct,percent,20.0,0.0,False,,False,False,passive_unconditional,True,,innate,MODIFIER_VALUE_AMMO_CLIP_SIZE_PERCENT
3977876567:BonusClipSize,3977876567,Kinetic Dash,动能冲刺,upgrade_kinetic_sash,weapon,2,1600,passive,Item,BonusClipSize,Temporary Ammo,临时 弹药,clip_size_add,flat,6.0,0.0,False,,True,False,conditional_active,False,ConditionallyApplied,passive,MODIFIER_VALUE_AMMO_CLIP_SIZE
3977876567:BonusFireRate,3977876567,Kinetic Dash,动能冲刺,upgrade_kinetic_sash,weapon,2,1600,passive,Item,BonusFireRate,Fire Rate,射速,fire_rate_pct,percent,25.0,0.0,False,,True,False,conditional_active,False,ConditionallyApplied,passive,MODIFIER_VALUE_FIRE_RATE
3977876567:Stamina,3977876567,Kinetic Dash,动能冲刺,upgrade_kinetic_sash,weapon,2,1600,passive,Item,Stamina,Stamina,耐力,stamina_add,flat,1.0,0.0,False,,False,False,passive_unconditional,True,,innate,MODIFIER_VALUE_STAMINA
3331811235:BonusAttackRangePercent,3331811235,Long Range,远距离,upgrade_long_range,weapon,2,1600,passive,Item,BonusAttackRangePercent,Weapon Fall-off Range,武器 衰减 关闭 范围,weapon_range_pct,percent,8.0,0.0,False,,False,False,passive_unconditional,True,,innate,MODIFIER_VALUE_BONUS_ATTACK_RANGE_PERCENT
3331811235:BonusSprintSpeed,3331811235,Long Range,远距离,upgrade_long_range,weapon,2,1600,passive,Item,BonusSprintSpeed,Sprint Speed,冲刺速度,sprint_speed_add,flat,0.75,0.0,False,,False,False,passive_unconditional,True,,innate,MODIFIER_VALUE_SPRINT_SPEED_BONUS
26002154:BonusMeleeDamagePercent,26002154,Melee Charge,近战充能,upgrade_melee_charge,weapon,2,1600,passive,Item,BonusMeleeDamagePercent,Melee Damage,近战 伤害,melee_damage_pct,percent,10.0,0.0,False,,False,False,passive_unconditional,True,,innate,MODIFIER_VALUE_MELEE_DAMAGE_INCREASE
26002154:BulletResist,26002154,Melee Charge,近战充能,upgrade_melee_charge,weapon,2,1600,passive,Item,BulletResist,Bullet Resist,子弹抗性,bullet_armor_add,flat,6.0,0.0,False,,False,False,passive_unconditional,True,,innate,MODIFIER_VALUE_BULLET_ARMOR_DAMAGE_RESIST
395867183:SpiritPower,395867183,Mystic Shot,秘术射击,upgrade_crackshot,weapon,2,1600,passive,Item,SpiritPower,Spirit Power,元灵力量,spirit_power_add,flat,7.0,0.0,False,,False,False,passive_unconditional,True,,innate,MODIFIER_VALUE_TECH_POWER
2064029594:BaseAttackDamagePercent,2064029594,Opening Rounds,开场弹,upgrade_pristine_emblem,weapon,2,1600,passive,Item,BaseAttackDamagePercent,Weapon Damage,武器伤害,weapon_damage_pct,percent,8.0,0.0,False,,False,False,passive_unconditional,True,,innate,MODIFIER_VALUE_WEAPON_DAMAGE_INCREASE
2064029594:BaseAttackDamagePercentBonus,2064029594,Opening Rounds,开场弹,upgrade_pristine_emblem,weapon,2,1600,passive,Item,BaseAttackDamagePercentBonus,Weapon Damage,武器伤害,weapon_damage_pct,percent,25.0,0.0,False,,True,False,conditional_active,False,ConditionallyApplied,passive,MODIFIER_VALUE_WEAPON_DAMAGE_INCREASE
2064029594:BonusBulletSpeedPercent,2064029594,Opening Rounds,开场弹,upgrade_pristine_emblem,weapon,2,1600,passive,Item,BonusBulletSpeedPercent,Bullet Velocity,子弹速度,bullet_speed_pct,percent,60.0,0.0,False,,False,False,passive_unconditional,True,,innate,MODIFIER_VALUE_BONUS_BULLET_SPEED_PERCENT
2064029594:TechPower,2064029594,Opening Rounds,开场弹,upgrade_pristine_emblem,weapon,2,1600,passive,Item,TechPower,Spirit Power,元灵力量,spirit_power_add,flat,7.0,0.0,False,,False,False,passive_unconditional,True,,innate,MODIFIER_VALUE_TECH_POWER
1763073141:BaseAttackDamagePercent,1763073141,Recharging Rush,充能冲刺,upgrade_rechargingbullets,weapon,2,1600,passive,Item,BaseAttackDamagePercent,Weapon Damage,武器伤害,weapon_damage_pct,percent,10.0,0.0,False,,False,False,passive_unconditional,True,,innate,MODIFIER_VALUE_WEAPON_DAMAGE_INCREASE
1763073141:BonusClipSizePercent,1763073141,Recharging Rush,充能冲刺,upgrade_rechargingbullets,weapon,2,1600,passive,Item,BonusClipSizePercent,Max Ammo,最大 弹药,clip_size_pct,percent,20.0,0.0,False,,False,False,passive_unconditional,True,,innate,MODIFIER_VALUE_AMMO_CLIP_SIZE_PERCENT
393974127:BaseAttackDamagePercent,393974127,Slowing Bullets,减速子弹,upgrade_slowing_bullets,weapon,2,1600,passive,Item,BaseAttackDamagePercent,Weapon Damage,武器伤害,weapon_damage_pct,percent,15.0,0.0,False,,False,False,passive_unconditional,True,,innate,MODIFIER_VALUE_WEAPON_DAMAGE_INCREASE
98582110:BonusHealth,98582110,Stalker,潜猎者,upgrade_weapon_backstabber,weapon,2,1600,passive,Item,BonusHealth,Bonus Health,额外 生命,max_health_add,flat,50.0,0.0,False,,False,False,passive_unconditional,True,,innate,MODIFIER_VALUE_HEALTH_MAX
98582110:BonusMoveSpeed,98582110,Stalker,潜猎者,upgrade_weapon_backstabber,weapon,2,1600,passive,Item,BonusMoveSpeed,Move Speed,移动速度,move_speed_add,flat,1.5,0.0,False,,True,False,conditional_active,False,ConditionallyApplied,,MODIFIER_VALUE_MOVEMENT_SPEED_MAX
4104549924:BonusFireRate,4104549924,Swift Striker,迅捷打击者,upgrade_blitz_bullets,weapon,2,1600,passive,Item,BonusFireRate,Fire Rate,射速,fire_rate_pct,percent,20.0,0.0,False,,False,False,passive_unconditional,True,,innate,MODIFIER_VALUE_FIRE_RATE
4104549924:BonusSprintSpeed,4104549924,Swift Striker,迅捷打击者,upgrade_blitz_bullets,weapon,2,1600,passive,Item,BonusSprintSpeed,Sprint Speed,冲刺速度,sprint_speed_add,flat,0.75,0.0,False,,False,False,passive_unconditional,True,,innate,MODIFIER_VALUE_SPRINT_SPEED_BONUS
2356412290:BaseAttackDamagePercent,2356412290,Titanic Magazine,巨型弹匣,upgrade_titan_round,weapon,2,1600,passive,Item,BaseAttackDamagePercent,Weapon Damage,武器伤害,weapon_damage_pct,percent,14.0,0.0,False,,False,False,passive_unconditional,True,,innate,MODIFIER_VALUE_WEAPON_DAMAGE_INCREASE
2356412290:BonusClipSizePercent,2356412290,Titanic Magazine,巨型弹匣,upgrade_titan_round,weapon,2,1600,passive,Item,BonusClipSizePercent,Max Ammo,最大 弹药,clip_size_pct,percent,100.0,0.0,False,,False,False,passive_unconditional,True,,innate,MODIFIER_VALUE_AMMO_CLIP_SIZE_PERCENT
1770441818:BonusHealth,1770441818,Weakening Headshot,弱化爆头,upgrade_headshot_booster2,weapon,2,1600,passive,Item,BonusHealth,Bonus Health,额外 生命,max_health_add,flat,60.0,0.0,False,,False,False,passive_unconditional,True,,innate,MODIFIER_VALUE_HEALTH_MAX
1932939246:SpiritPower,1932939246,Alchemical Fire,炼金火焰,upgrade_thermal_detonator,weapon,3,3200,press,Item,SpiritPower,Spirit Power,元灵力量,spirit_power_add,flat,10.0,0.0,False,,False,False,passive_unconditional,True,,innate,MODIFIER_VALUE_TECH_POWER
3294954488:TechRadiusMultiplier,3294954488,Ballistic Enchantment,弹道附魔,upgrade_bulletshredimbue,weapon,3,3200,passive,Item,TechRadiusMultiplier,Radius,半径,tech_radius_pct,percent,22.0,0.0,False,,False,False,passive_unconditional,True,,,MODIFIER_VALUE_TECH_RADIUS_PERCENT
3294954488:TechRangeMultiplier,3294954488,Ballistic Enchantment,弹道附魔,upgrade_bulletshredimbue,weapon,3,3200,passive,Item,TechRangeMultiplier,Ability Range,技能 范围,tech_range_pct,percent,22.0,0.0,False,,False,False,active_or_contextual,False,,passive,MODIFIER_VALUE_TECH_RANGE_PERCENT
3294954488:WeaponPowerPerStack,3294954488,Ballistic Enchantment,弹道附魔,upgrade_bulletshredimbue,weapon,3,3200,passive,Item,WeaponPowerPerStack,Weapon Damage per Stack,武器 伤害 每 层数,weapon_damage_pct,percent,20.0,0.0,True,stack/kill,True,False,conditional_active,False,ConditionallyApplied,passive,MODIFIER_VALUE_WEAPON_DAMAGE_INCREASE
1414319208:BulletResist,1414319208,Berserker,狂战士,upgrade_berserker,weapon,3,3200,passive,Item,BulletResist,Bullet Resist,子弹抗性,bullet_armor_add,flat,8.0,0.0,False,,False,False,passive_unconditional,True,,innate,MODIFIER_VALUE_BULLET_ARMOR_DAMAGE_RESIST
989206714:BonusFireRate,989206714,Blood Tribute,鲜血贡品,upgrade_blood_tribute,weapon,3,3200,instant_cast_toggle,Item,BonusFireRate,Fire Rate,射速,fire_rate_pct,percent,35.0,0.0,False,,True,False,conditional_active,False,ConditionallyApplied,active,MODIFIER_VALUE_FIRE_RATE
989206714:BonusMoveSpeed,989206714,Blood Tribute,鲜血贡品,upgrade_blood_tribute,weapon,3,3200,instant_cast_toggle,Item,BonusMoveSpeed,Move Speed,移动速度,move_speed_add,flat,2.0,0.0,False,,False,False,active_or_contextual,False,,active,MODIFIER_VALUE_MOVEMENT_SPEED_MAX
989206714:TechResist,989206714,Blood Tribute,鲜血贡品,upgrade_blood_tribute,weapon,3,3200,instant_cast_toggle,Item,TechResist,Spirit Resist,元灵抗性,spirit_armor_add,flat,8.0,0.0,False,,False,False,passive_unconditional,True,,innate,MODIFIER_VALUE_TECH_RESIST
2739107182:ActivatedFireRate,2739107182,Burst Fire,爆发射击,upgrade_burst_fire,weapon,3,3200,passive,Item,ActivatedFireRate,Fire Rate,射速,fire_rate_pct,percent,32.0,0.0,False,,True,False,conditional_active,False,ConditionallyApplied,,MODIFIER_VALUE_FIRE_RATE
2739107182:BonusFireRate,2739107182,Burst Fire,爆发射击,upgrade_burst_fire,weapon,3,3200,passive,Item,BonusFireRate,Fire Rate,射速,fire_rate_pct,percent,10.0,0.0,False,,False,False,passive_unconditional,True,,innate,MODIFIER_VALUE_FIRE_RATE
2739107182:BonusMoveSpeed,2739107182,Burst Fire,爆发射击,upgrade_burst_fire,weapon,3,3200,passive,Item,BonusMoveSpeed,Move Speed,移动速度,move_speed_add,flat,1.25,0.0,False,,True,False,conditional_active,False,ConditionallyApplied,,MODIFIER_VALUE_MOVEMENT_SPEED_MAX
709540378:BaseAttackDamagePercent,709540378,Cultist Sacrifice,邪教徒牺牲,upgrade_non_player_bonus_sacrifice,weapon,3,3200,press,Item,BaseAttackDamagePercent,Weapon Damage,武器伤害,weapon_damage_pct,percent,10.0,0.0,False,,True,False,conditional_active,False,ConditionallyApplied,active,MODIFIER_VALUE_WEAPON_DAMAGE_INCREASE
709540378:BonusAbilityCharges,709540378,Cultist Sacrifice,邪教徒牺牲,upgrade_non_player_bonus_sacrifice,weapon,3,3200,press,Item,BonusAbilityCharges,Bonus Ability Charges,额外 技能 充能次数,ability_charges_add,flat,1.0,0.0,False,,True,False,conditional_active,False,ConditionallyApplied,,MODIFIER_VALUE_BONUS_ABILITY_CHARGES
709540378:BonusHealth,709540378,Cultist Sacrifice,邪教徒牺牲,upgrade_non_player_bonus_sacrifice,weapon,3,3200,press,Item,BonusHealth,Bonus Health,额外 生命,max_health_add,flat,50.0,0.0,False,,True,False,conditional_active,False,ConditionallyApplied,active,MODIFIER_VALUE_HEALTH_MAX
709540378:TechRadiusMultiplier,709540378,Cultist Sacrifice,邪教徒牺牲,upgrade_non_player_bonus_sacrifice,weapon,3,3200,press,Item,TechRadiusMultiplier,Radius,半径,tech_radius_pct,percent,12.0,0.0,False,,True,False,conditional_active,False,ConditionallyApplied,,MODIFIER_VALUE_TECH_RADIUS_PERCENT
709540378:TechRangeMultiplier,709540378,Cultist Sacrifice,邪教徒牺牲,upgrade_non_player_bonus_sacrifice,weapon,3,3200,press,Item,TechRangeMultiplier,Ability Range,技能 范围,tech_range_pct,percent,12.0,0.0,False,,True,False,conditional_active,False,ConditionallyApplied,active,MODIFIER_VALUE_TECH_RANGE_PERCENT
2463960640:BaseAttackDamagePercent,2463960640,Escalating Resilience,递增韧性,upgrade_reinforcing_casings,weapon,3,3200,passive,Item,BaseAttackDamagePercent,Weapon Damage,武器伤害,weapon_damage_pct,percent,18.0,0.0,False,,False,False,passive_unconditional,True,,innate,MODIFIER_VALUE_WEAPON_DAMAGE_INCREASE
2463960640:BonusClipSizePercent,2463960640,Escalating Resilience,递增韧性,upgrade_reinforcing_casings,weapon,3,3200,passive,Item,BonusClipSizePercent,Max Ammo,最大 弹药,clip_size_pct,percent,35.0,0.0,False,,False,False,passive_unconditional,True,,innate,MODIFIER_VALUE_AMMO_CLIP_SIZE_PERCENT
2463960640:BonusHealth,2463960640,Escalating Resilience,递增韧性,upgrade_reinforcing_casings,weapon,3,3200,passive,Item,BonusHealth,Bonus Health,额外 生命,max_health_add,flat,75.0,0.0,False,,False,False,passive_unconditional,True,,innate,MODIFIER_VALUE_HEALTH_MAX
2463960640:BulletResistPerStack,2463960640,Escalating Resilience,递增韧性,upgrade_reinforcing_casings,weapon,3,3200,passive,Item,BulletResistPerStack,Bullet Resist per Stack,子弹 抗性 每 层数,bullet_armor_add,flat,2.0,0.0,True,stack/kill,True,False,conditional_active,False,ConditionallyApplied,passive,MODIFIER_VALUE_BULLET_ARMOR_DAMAGE_RESIST
690458959:BaseAttackDamagePercent,690458959,Express Shot,速射,upgrade_express_shot,weapon,3,3200,passive,Item,BaseAttackDamagePercent,Weapon Damage,武器伤害,weapon_damage_pct,percent,8.0,0.0,False,,False,False,passive_unconditional,True,,innate,MODIFIER_VALUE_WEAPON_DAMAGE_INCREASE
690458959:BonusBulletSpeedPercent,690458959,Express Shot,速射,upgrade_express_shot,weapon,3,3200,passive,Item,BonusBulletSpeedPercent,Bullet Velocity,子弹速度,bullet_speed_pct,percent,60.0,0.0,False,,False,False,passive_unconditional,True,,innate,MODIFIER_VALUE_BONUS_BULLET_SPEED_PERCENT
690458959:ProcBaseAttackDamagePercent,690458959,Express Shot,速射,upgrade_express_shot,weapon,3,3200,passive,Item,ProcBaseAttackDamagePercent,Weapon Damage,武器伤害,weapon_damage_pct,percent,125.0,0.0,False,,True,False,conditional_active,False,ConditionallyApplied,passive,MODIFIER_VALUE_WEAPON_DAMAGE_INCREASE
690458959:ProcBaseAttackDamagePercentAltFire,690458959,Express Shot,速射,upgrade_express_shot,weapon,3,3200,passive,Item,ProcBaseAttackDamagePercentAltFire,Secondary Fire Weapon Damage,次要 射击 武器 伤害,weapon_damage_pct,percent,40.0,0.0,False,,True,False,conditional_active,False,ConditionallyApplied,passive,MODIFIER_VALUE_WEAPON_DAMAGE_INCREASE
690458959:ProcBulletVelocity,690458959,Express Shot,速射,upgrade_express_shot,weapon,3,3200,passive,Item,ProcBulletVelocity,Bullet Velocity,子弹速度,bullet_speed_pct,percent,100.0,0.0,False,,True,False,conditional_active,False,ConditionallyApplied,passive,MODIFIER_VALUE_BONUS_BULLET_SPEED_PERCENT
4053935515:BaseAttackDamagePercent,4053935515,Headhunter,猎头者,upgrade_headhunter,weapon,3,3200,passive,Item,BaseAttackDamagePercent,Weapon Damage,武器伤害,weapon_damage_pct,percent,5.0,0.0,False,,False,False,passive_unconditional,True,,innate,MODIFIER_VALUE_WEAPON_DAMAGE_INCREASE
4053935515:BonusHealth,4053935515,Headhunter,猎头者,upgrade_headhunter,weapon,3,3200,passive,Item,BonusHealth,Bonus Health,额外 生命,max_health_add,flat,50.0,0.0,False,,False,False,passive_unconditional,True,,innate,MODIFIER_VALUE_HEALTH_MAX
4053935515:BonusMoveSpeed,4053935515,Headhunter,猎头者,upgrade_headhunter,weapon,3,3200,passive,Item,BonusMoveSpeed,Move Speed,移动速度,move_speed_add,flat,1.75,0.0,False,,True,False,conditional_active,False,ConditionallyApplied,passive,MODIFIER_VALUE_MOVEMENT_SPEED_MAX
2108215830:ActiveBonusMoveSpeed,2108215830,Heroic Aura,英雄光环,upgrade_dps_aura,weapon,3,3200,instant_cast,Item,ActiveBonusMoveSpeed,Move Speed,移动速度,move_speed_add,flat,2.25,0.0,False,,True,False,conditional_active,False,ConditionallyApplied,active,MODIFIER_VALUE_MOVEMENT_SPEED_MAX
2108215830:BonusFireRate,2108215830,Heroic Aura,英雄光环,upgrade_dps_aura,weapon,3,3200,instant_cast,Item,BonusFireRate,Fire Rate,射速,fire_rate_pct,percent,26.0,0.0,False,,True,False,conditional_active,False,ConditionallyApplied,active,MODIFIER_VALUE_FIRE_RATE
2108215830:BonusSprintSpeed,2108215830,Heroic Aura,英雄光环,upgrade_dps_aura,weapon,3,3200,instant_cast,Item,BonusSprintSpeed,Sprint Speed,冲刺速度,sprint_speed_add,flat,1.5,0.0,False,,False,False,passive_unconditional,True,,innate,MODIFIER_VALUE_SPRINT_SPEED_BONUS
2108215830:BulletResist,2108215830,Heroic Aura,英雄光环,upgrade_dps_aura,weapon,3,3200,instant_cast,Item,BulletResist,Bullet Resist,子弹抗性,bullet_armor_add,flat,17.0,0.0,False,,False,False,active_or_contextual,False,,passive,MODIFIER_VALUE_BULLET_ARMOR_DAMAGE_RESIST
2678489038:BaseAttackDamagePercent,2678489038,Hollow Point,空尖弹,upgrade_hollow_point_rounds,weapon,3,3200,passive,Item,BaseAttackDamagePercent,Weapon Damage,武器伤害,weapon_damage_pct,percent,35.0,0.0,False,,True,False,conditional_active,False,ConditionallyApplied,passive,MODIFIER_VALUE_WEAPON_DAMAGE_INCREASE
2678489038:BonusHealth,2678489038,Hollow Point,空尖弹,upgrade_hollow_point_rounds,weapon,3,3200,passive,Item,BonusHealth,Bonus Health,额外 生命,max_health_add,flat,125.0,0.0,False,,False,False,passive_unconditional,True,,innate,MODIFIER_VALUE_HEALTH_MAX
2481177645:BonusHealth,2481177645,Hunter's Aura,猎手光环,upgrade_bullet_armor_reduction_aura,weapon,3,3200,passive,Item,BonusHealth,Bonus Health,额外 生命,max_health_add,flat,100.0,0.0,False,,False,False,passive_unconditional,True,,innate,MODIFIER_VALUE_HEALTH_MAX
2481177645:BonusSprintSpeed,2481177645,Hunter's Aura,猎手光环,upgrade_bullet_armor_reduction_aura,weapon,3,3200,passive,Item,BonusSprintSpeed,Sprint Speed,冲刺速度,sprint_speed_add,flat,0.75,0.0,False,,False,False,passive_unconditional,True,,innate,MODIFIER_VALUE_SPRINT_SPEED_BONUS
2095565695:BonusHealth,2095565695,Point Blank,贴脸射击,upgrade_close_quarter_combat,weapon,3,3200,passive,Item,BonusHealth,Bonus Health,额外 生命,max_health_add,flat,75.0,0.0,False,,False,False,passive_unconditional,True,,innate,MODIFIER_VALUE_HEALTH_MAX
1798666702:AmbushBonusFireRate,1798666702,Shadow Weave,暗影织物,upgrade_cloaking_device_active,weapon,3,3200,instant_cast,Item,AmbushBonusFireRate,Ambush Fire Rate,伏击 射速,fire_rate_pct,percent,25.0,0.0,False,,True,False,conditional_active,False,ConditionallyApplied,active,MODIFIER_VALUE_FIRE_RATE
1798666702:AmbushBonusMeleeDamage,1798666702,Shadow Weave,暗影织物,upgrade_cloaking_device_active,weapon,3,3200,instant_cast,Item,AmbushBonusMeleeDamage,Ambush Melee Damage,伏击 近战 伤害,melee_damage_pct,percent,25.0,0.0,False,,True,False,conditional_active,False,ConditionallyApplied,active,MODIFIER_VALUE_MELEE_DAMAGE_INCREASE
1798666702:AmbushBonusTechPower,1798666702,Shadow Weave,暗影织物,upgrade_cloaking_device_active,weapon,3,3200,instant_cast,Item,AmbushBonusTechPower,Ambush Spirit Power,伏击 元灵 力量,spirit_power_add,flat,25.0,0.0,False,,True,False,conditional_active,False,ConditionallyApplied,active,MODIFIER_VALUE_TECH_POWER
1798666702:BonusSprintSpeed,1798666702,Shadow Weave,暗影织物,upgrade_cloaking_device_active,weapon,3,3200,instant_cast,Item,BonusSprintSpeed,Sprint Speed,冲刺速度,sprint_speed_add,flat,1.5,0.0,False,,False,False,passive_unconditional,True,,innate,MODIFIER_VALUE_SPRINT_SPEED_BONUS
2152872419:BaseAttackDamagePercent,2152872419,Sharpshooter,神射手,upgrade_sharpshooter,weapon,3,3200,passive,Item,BaseAttackDamagePercent,Weapon Damage,武器伤害,weapon_damage_pct,percent,10.0,0.0,False,,False,False,passive_unconditional,True,,innate,MODIFIER_VALUE_WEAPON_DAMAGE_INCREASE
2152872419:BonusAttackRangePercent,2152872419,Sharpshooter,神射手,upgrade_sharpshooter,weapon,3,3200,passive,Item,BonusAttackRangePercent,Weapon Fall-off Range,武器 衰减 关闭 范围,weapon_range_pct,percent,20.0,0.0,False,,False,False,passive_unconditional,True,,innate,MODIFIER_VALUE_BONUS_ATTACK_RANGE_PERCENT
2152872419:BonusBulletSpeedPercent,2152872419,Sharpshooter,神射手,upgrade_sharpshooter,weapon,3,3200,passive,Item,BonusBulletSpeedPercent,Bullet Velocity,子弹速度,bullet_speed_pct,percent,60.0,0.0,False,,False,False,passive_unconditional,True,,innate,MODIFIER_VALUE_BONUS_BULLET_SPEED_PERCENT
2152872419:BonusMoveSpeed,2152872419,Sharpshooter,神射手,upgrade_sharpshooter,weapon,3,3200,passive,Item,BonusMoveSpeed,Move Speed,移动速度,move_speed_add,flat,-0.7,0.0,False,,False,False,passive_unconditional,True,,innate,MODIFIER_VALUE_MOVEMENT_SPEED_MAX
2152872419:BonusSprintSpeed,2152872419,Sharpshooter,神射手,upgrade_sharpshooter,weapon,3,3200,passive,Item,BonusSprintSpeed,Sprint Speed,冲刺速度,sprint_speed_add,flat,1.0,0.0,False,,False,False,passive_unconditional,True,,innate,MODIFIER_VALUE_SPRINT_SPEED_BONUS
4075861416:BonusHealth,4075861416,Spirit Rend,元灵撕裂,upgrade_spellslinger_headshots,weapon,3,3200,passive,Item,BonusHealth,Bonus Health,额外 生命,max_health_add,flat,75.0,0.0,False,,False,False,passive_unconditional,True,,innate,MODIFIER_VALUE_HEALTH_MAX
3791587546:BaseAttackDamagePercent,3791587546,Weighted Shots,加重射击,upgrade_weighted_shots,weapon,3,3200,passive,Item,BaseAttackDamagePercent,Weapon Damage,武器伤害,weapon_damage_pct,percent,40.0,0.0,False,,False,False,passive_unconditional,True,,innate,MODIFIER_VALUE_WEAPON_DAMAGE_INCREASE
3791587546:BonusMoveSpeed,3791587546,Weighted Shots,加重射击,upgrade_weighted_shots,weapon,3,3200,passive,Item,BonusMoveSpeed,Move Speed,移动速度,move_speed_add,flat,-0.5,0.0,False,,False,False,passive_unconditional,True,,innate,MODIFIER_VALUE_MOVEMENT_SPEED_MAX
673001892:BaseAttackDamagePercent,673001892,Armor Piercing Rounds,穿甲弹,upgrade_aprounds,weapon,4,6400,passive,Item,BaseAttackDamagePercent,Weapon Damage,武器伤害,weapon_damage_pct,percent,8.0,0.0,False,,False,False,passive_unconditional,True,,innate,MODIFIER_VALUE_WEAPON_DAMAGE_INCREASE
673001892:BonusBulletSpeedPercent,673001892,Armor Piercing Rounds,穿甲弹,upgrade_aprounds,weapon,4,6400,passive,Item,BonusBulletSpeedPercent,Bullet Velocity,子弹速度,bullet_speed_pct,percent,60.0,0.0,False,,False,False,passive_unconditional,True,,innate,MODIFIER_VALUE_BONUS_BULLET_SPEED_PERCENT
710436191:BonusFireRate,710436191,Capacitor,电容器,upgrade_capacitor,weapon,4,6400,instant_cast,Item,BonusFireRate,Fire Rate,射速,fire_rate_pct,percent,5.0,0.0,False,,False,False,passive_unconditional,True,,innate,MODIFIER_VALUE_FIRE_RATE
3884003354:BonusHealth,3884003354,Crippling Headshot,致残爆头,upgrade_banshee_slugs,weapon,4,6400,passive,Item,BonusHealth,Bonus Health,额外 生命,max_health_add,flat,125.0,0.0,False,,False,False,passive_unconditional,True,,innate,MODIFIER_VALUE_HEALTH_MAX
800008313:BonusMeleeDamagePercent,800008313,Crushing Fists,粉碎之拳,upgrade_crushing_fists,weapon,4,6400,passive,Item,BonusMeleeDamagePercent,Melee Damage,近战 伤害,melee_damage_pct,percent,22.0,0.0,False,,False,False,passive_unconditional,True,,innate,MODIFIER_VALUE_MELEE_DAMAGE_INCREASE
800008313:BulletResist,800008313,Crushing Fists,粉碎之拳,upgrade_crushing_fists,weapon,4,6400,passive,Item,BulletResist,Bullet Resist,子弹抗性,bullet_armor_add,flat,12.0,0.0,False,,False,False,passive_unconditional,True,,innate,MODIFIER_VALUE_BULLET_ARMOR_DAMAGE_RESIST
339443430:BonusFireRate,339443430,Frenzy,狂热,upgrade_fervor,weapon,4,6400,passive,Item,BonusFireRate,Fire Rate,射速,fire_rate_pct,percent,15.0,0.0,False,,False,False,passive_unconditional,True,,innate,MODIFIER_VALUE_FIRE_RATE
339443430:BonusHealth,339443430,Frenzy,狂热,upgrade_fervor,weapon,4,6400,passive,Item,BonusHealth,Bonus Health,额外 生命,max_health_add,flat,160.0,0.0,False,,False,False,passive_unconditional,True,,innate,MODIFIER_VALUE_HEALTH_MAX
339443430:FervorFireRate,339443430,Frenzy,狂热,upgrade_fervor,weapon,4,6400,passive,Item,FervorFireRate,Fire Rate,射速,fire_rate_pct,percent,40.0,0.0,False,,True,False,conditional_active,False,ConditionallyApplied,passive,MODIFIER_VALUE_FIRE_RATE
339443430:FervorMovespeed,339443430,Frenzy,狂热,upgrade_fervor,weapon,4,6400,passive,Item,FervorMovespeed,Move Speed,移动速度,move_speed_add,flat,4.0,0.0,False,,True,False,conditional_active,False,ConditionallyApplied,passive,MODIFIER_VALUE_MOVEMENT_SPEED_MAX
365620721:BaseAttackDamagePercent,365620721,Glass Cannon,玻璃大炮,upgrade_glass_cannon,weapon,4,6400,passive,Item,BaseAttackDamagePercent,Weapon Damage,武器伤害,weapon_damage_pct,percent,80.0,0.0,False,,False,False,passive_unconditional,True,,innate,MODIFIER_VALUE_WEAPON_DAMAGE_INCREASE
365620721:FireRatePerKill,365620721,Glass Cannon,玻璃大炮,upgrade_glass_cannon,weapon,4,6400,passive,Item,FireRatePerKill,Fire Rate per Kill,射速 每 击杀,fire_rate_pct,percent,7.0,0.0,True,stack/kill,True,False,conditional_active,False,ConditionallyApplied,passive,MODIFIER_VALUE_FIRE_RATE
365620721:MaxHealthLossPercent,365620721,Glass Cannon,玻璃大炮,upgrade_glass_cannon,weapon,4,6400,passive,Item,MaxHealthLossPercent,Max Health,最大生命值,max_health_pct,percent,-13.0,0.0,False,,False,False,passive_unconditional,True,,innate,MODIFIER_VALUE_HEALTH_MAX_PERCENT
1396247347:BonusClipSizePercent,1396247347,Lucky Shot,幸运一击,upgrade_critshot,weapon,4,6400,passive,Item,BonusClipSizePercent,Max Ammo,最大 弹药,clip_size_pct,percent,30.0,0.0,False,,False,False,passive_unconditional,True,,innate,MODIFIER_VALUE_AMMO_CLIP_SIZE_PERCENT
2480592370:BonusFireRate,2480592370,Ricochet,跳弹,upgrade_ricochet,weapon,4,6400,passive,Item,BonusFireRate,Fire Rate,射速,fire_rate_pct,percent,18.0,0.0,False,,False,False,passive_unconditional,True,,innate,MODIFIER_VALUE_FIRE_RATE
1113837674:TechResist,1113837674,Silencer,消音器,upgrade_proc_silence,weapon,4,6400,passive,Item,TechResist,Spirit Resist,元灵抗性,spirit_armor_add,flat,12.0,0.0,False,,False,True,passive_unconditional,True,IntrinsicallyProvidedInAbility,innate,MODIFIER_VALUE_TECH_RESIST
2221211450:BonusFireRate,2221211450,Spellslinger,法术枪手,upgrade_enchanted_holsters,weapon,4,6400,passive,Item,BonusFireRate,Fire Rate,射速,fire_rate_pct,percent,11.0,0.0,False,,False,True,passive_unconditional,True,IntrinsicallyProvidedInAbility,passive,MODIFIER_VALUE_FIRE_RATE
2221211450:CooldownReduction,2221211450,Spellslinger,法术枪手,upgrade_enchanted_holsters,weapon,4,6400,passive,Item,CooldownReduction,Ability Cooldown Reduction,技能 冷却 降低,tech_cooldown_pct,percent,5.0,0.0,False,,False,False,passive_unconditional,True,,innate,MODIFIER_VALUE_COOLDOWN_REDUCTION_PERCENTAGE
2226497419:BonusAbilityDurationPercent,2226497419,Spiritual Overflow,元灵溢流,upgrade_tech_overflow,weapon,4,6400,passive,Item,BonusAbilityDurationPercent,Ability Duration,技能 持续时间,tech_duration_pct,percent,15.0,0.0,False,,False,False,passive_unconditional,True,,innate,MODIFIER_VALUE_BONUS_ABILITY_DURATION_PERCENTAGE
2226497419:BonusFireRate,2226497419,Spiritual Overflow,元灵溢流,upgrade_tech_overflow,weapon,4,6400,passive,Item,BonusFireRate,Fire Rate,射速,fire_rate_pct,percent,32.0,0.0,False,,False,True,passive_unconditional,True,IntrinsicallyProvidedInAbility,passive,MODIFIER_VALUE_FIRE_RATE
2226497419:BonusHealth,2226497419,Spiritual Overflow,元灵溢流,upgrade_tech_overflow,weapon,4,6400,passive,Item,BonusHealth,Bonus Health,额外 生命,max_health_add,flat,90.0,0.0,False,,False,False,passive_unconditional,True,,innate,MODIFIER_VALUE_HEALTH_MAX
2226497419:BonusSpirit,2226497419,Spiritual Overflow,元灵溢流,upgrade_tech_overflow,weapon,4,6400,passive,Item,BonusSpirit,Spirit Power,元灵力量,spirit_power_add,flat,40.0,0.0,False,,False,True,passive_unconditional,True,IntrinsicallyProvidedInAbility,passive,MODIFIER_VALUE_TECH_POWER
2226497419:TechPower,2226497419,Spiritual Overflow,元灵溢流,upgrade_tech_overflow,weapon,4,6400,passive,Item,TechPower,Spirit Power,元灵力量,spirit_power_add,flat,6.0,0.0,False,,False,False,passive_unconditional,True,,innate,MODIFIER_VALUE_TECH_POWER
3269957497:BonusBulletSpeedPercent,3269957497,Infinite Rounds,无限弹药,upgrade_infinite_rounds,weapon,5,9999,passive,Item,BonusBulletSpeedPercent,Bullet Velocity,子弹速度,bullet_speed_pct,percent,200.0,0.0,False,,False,False,passive_unconditional,True,,innate,MODIFIER_VALUE_BONUS_BULLET_SPEED_PERCENT
3269957497:BonusFireRate,3269957497,Infinite Rounds,无限弹药,upgrade_infinite_rounds,weapon,5,9999,passive,Item,BonusFireRate,Fire Rate,射速,fire_rate_pct,percent,35.0,0.0,False,,False,False,passive_unconditional,True,,innate,MODIFIER_VALUE_FIRE_RATE
64550694:BonusMeleeDamagePercent,64550694,Runed Gauntlets,符文护手,upgrade_runed_gauntlets,weapon,5,9999,passive,Item,BonusMeleeDamagePercent,Melee Damage,近战 伤害,melee_damage_pct,percent,30.0,0.0,False,,False,False,passive_unconditional,True,,innate,MODIFIER_VALUE_MELEE_DAMAGE_INCREASE
